bic_parent,bic_branch,name_parent,name_branch,Country,Country_code
ABDIAEAD,ABDIAEAD,Abu Dhabi Islamic Bank,Abu Dhabi Islamic Bank - UAE,United Arab Emirates,AE
ABNANL2A,ABNANL2A,ABN AMRO BANK N.V,ABN AMRO BANK N.V,Netherlands,NL
ABNGNGLA,AZAMZMLU,ACCESS BANK PLC,Access Bank Zambia,Nigeria,NG
ABOCCNBJ,ABOCCNBJ,Agricultural Bank of China,THE AGRICULTURAL BANK OF CHINA,China,CN
ABSAZAJJ,ABSAZAJJ,ABSA BANK LIMITED,ABSA BANK LIMITED,South Africa,ZA
AKBKTRISXXX,AKBKTRIS,AKBANK T.A.S.,AKBANK T.A.S.,TURKEY,TR
ANZBAU3M,ANZBPHMX,AUSTRALIA AND NEW ZEALAND BANKING,AUSTRALIA & NEW ZEALAND BANKING GP,Philippines,PH
ANZBAU3M,ANZBFJFX,AUSTRALIA AND NEW ZEALAND BANKING,AUSTRALIA & NEW ZEALAND BANKING LTD,Fiji,FJ
ANZBAU3M,ANZBAU3M,AUSTRALIA AND NEW ZEALAND BANKING,AUSTRALIA AND NEW ZEALAND BANKING,Australia,AU
ANZBAU3M,ANZBTWTP,AUSTRALIA AND NEW ZEALAND BANKING,ANZ BANK (TAIWAN) LIMITED,Taiwan,TW
ANZBAU3M,ANZBVNVX,AUSTRALIA AND NEW ZEALAND BANKING,ANZ Bank (Vietnam) Limited,Vietnam,VN
ANZBAU3M,ANZBNZ22,AUSTRALIA AND NEW ZEALAND BANKING,ANZ BANK NEW ZEALAND LIMITED,New Zealand,NZ
ANZBAU3M,ANZBIDJX,AUSTRALIA AND NEW ZEALAND BANKING,"ANZ PANIN BANK, P.T.",Indonesia,ID
ANZBAU3M,ANZBKHPP,AUSTRALIA AND NEW ZEALAND BANKING,ANZ ROYAL BANK OF (CAMBODIA) LTD,Cambodia,KH
ANZBAU3M,ANZBHKHX,AUSTRALIA AND NEW ZEALAND BANKING,AUSTRALIA & NEW ZEAL BKING GP LTD,Hong Kong,HK
ANZBAU3M,ANZBPGPX,AUSTRALIA AND NEW ZEALAND BANKING,AUSTRALIA & NEW ZEALAND BANKING,Papua New Guinea,PG
ANZBAU3M,ANZBSGSX,AUSTRALIA AND NEW ZEALAND BANKING,AUSTRALIA & NEW ZEALAND BANKING,Singapore,SG
BARCGB22,BARCIE2D,BARCLAYS BANK PLC,BARCLAYS BANK IRELAND PLC,Ireland,IE
BARCGB22,BARCDEFF,BARCLAYS BANK PLC,BARCLAYS BANK PLC,Germany,DE
BARCGB22,BARCINBB,BARCLAYS BANK PLC,BARCLAYS BANK PLC,India,IN
BARCGB22,BARCITMM,BARCLAYS BANK PLC,BARCLAYS BANK PLC,Italy,IT
BARCGB22,BARCPTPC,BARCLAYS BANK PLC,BARCLAYS BANK PLC,Portugal,PT
BARCGB22,BARCAEAD,BARCLAYS BANK PLC,BARCLAYS BANK PLC,United Arab Emirates,AE
BARCGB22,BARCGB22,BARCLAYS BANK PLC,BARCLAYS BANK PLC,United Kingdom,GB
BARCGB22,BARCUS33,BARCLAYS BANK PLC,BARCLAYS BANK PLC,United States,US
BARCGB22,BARCFRPC,BARCLAYS BANK PLC,BARCLAYS BANK PLC FRANCE,France,FR
BARCGB22,BPLCESMM,BARCLAYS BANK PLC,BARCLAYS BANK PLC,Spain,ES
BBVAESMM,GEROCOBB,BANCO BILBAO VIZCAYA ARGENTARIA S.A,BANCO BILBAO VIZCAYA ARGENTARIA,Colombia,CO
BBVAESMM,BBVAFRPP,BANCO BILBAO VIZCAYA ARGENTARIA S.A,BANCO BILBAO VIZCAYA ARGENTARIA,France,FR
BBVAESMM,BBVAPTPL,BANCO BILBAO VIZCAYA ARGENTARIA S.A,BANCO BILBAO VIZCAYA ARGENTARIA,Portugal,PT
BBVAESMM,BBVAESMM,BANCO BILBAO VIZCAYA ARGENTARIA S.A,BANCO BILBAO VIZCAYA ARGENTARIA S.A,Spain,ES
BBVAESMM,BBVAGB2L,BANCO BILBAO VIZCAYA ARGENTARIA S.A,BANCO BILBAO VIZCAYA ARGENTARIA S.A,United Kingdom,GB
BBVAESMM,BBVAUS33,BANCO BILBAO VIZCAYA ARGENTARIA S.A,"BANCO BILBAO VIZCAYA ARGENTARIA,",United States,US
BBVAESMM,BCONPEPL,BANCO BILBAO VIZCAYA ARGENTARIA S.A,BANCO CONTINENTAL,Peru,PE
BBVAESMM,BPROVECA,BANCO BILBAO VIZCAYA ARGENTARIA S.A,BANCO PROVINCIAL S.A. BANCO,Venezuela,VE
BBVAESMM,BFRPARBA,BANCO BILBAO VIZCAYA ARGENTARIA S.A,BBVA - BANCO FRANCES S.A.,Argentina,AR
BBVAESMM,BCMRMXMM,BANCO BILBAO VIZCAYA ARGENTARIA S.A,"BBVA BANCOMER, S.A.",Mexico,MX
BCITITMM,IBSPIT3P,INTESA SANPAOLO SPA,BANCA DELL'ADRIATICO S.P.A.,Italy,IT
BILLLULL,BILLLULL,BANQUE INTERNATIONALE A LUXEMBOURG,BANQUE INTERNATIONALE A LUXEMBOURG,Luxembourg,LU
BKCHCNBJ,BKCHCNBJ,Bank of China,"BANK OF CHINA, BEIJING (HEAD",China,CN
BKKBTHBK,BKKBTHBK,BANGKOK BANK PUBLIC COMPANY LIMITED,BANGKOK BANK PUBLIC COMPANY LIMITED,Thailand,TH
BNORPHMM,BNORPHMM,"BDO UNIBANK, INC.","BDO UNIBANK, INC.",Philippines,PH
BNPAFRPP,BNLIITRR,BNP-Paribas SA,BANCA NAZIONALE DEL LAVORO SPA,Italy,IT
BNPAFRPP,BWSTUS66,BNP-Paribas SA,BANK OF THE WEST,United States,US
BNPAFRPP,BGLLLULL,BNP-Paribas SA,BGL BNP PARIBAS,Luxembourg,LU
BNPAFRPP,BNPADZAL,BNP-Paribas SA,BNP PARIBAS EL DJAZAIR,Algeria,DZ
BNPAFRPP,BNPABRSP,BNP-Paribas SA,BANCO BNP PARIBAS BRASIL S/A,Brazil,BR
BNPAFRPP,BNPAIDJA,BNP-Paribas SA,"BANK BNP PARIBAS INDONESIA, PT",Indonesia,ID
BNPAFRPP,BICICIAB,BNP-Paribas SA,BICICI,Ivory Coast,CI
BNPAFRPP,BNPAJPJT,BNP-Paribas SA,BNP PARIBAS S.A. - TOKYO BRANCH,Japan,JP
BNPAFRPP,BNPAKRSE,BNP-Paribas SA,BNP PARIBAS SEOUL BRANCH,Korea,KR
BNPAFRPP,BNPAMYKL,BNP-Paribas SA,BNP PARIBAS MALAYSIA BERHAD,Malaysia,MY
BNPAFRPP,BNPAZAJJ,BNP-Paribas SA,BNP PARIBAS JOHANNESBURG,South Africa,ZA
BNPAFRPP,BNPATWTP,BNP-Paribas SA,"BNP PARIBAS, TAIPEI BRANCH",Taiwan,TW
BNPAFRPP,BNPATHBK,BNP-Paribas SA,BNP PARIBAS BANGKOK BRANCH,Thailand,TH
BNPAFRPP,UBCITNTT,BNP-Paribas SA,UNION BANCAIRE POUR LE COMMERCE ET L'INDUSTRIE (GROUPE BNP PARIBAS),Tunisia,TN
BNPAFRPP,KHABUA2K,BNP-Paribas SA,UKRSIBBANK,Ukraine,UA
BNPAFRPP,BNPAUS3N,BNP-Paribas SA,BNP PARIBAS (FORMERLY BANQUE,United States (NY),
BNPAFRPP,BNPAVNVN,BNP-Paribas SA,BNP PARIBAS VIETNAM,Vietnam,VN
BNPAFRPP,BNPASGSG,BNP-Paribas SA,BNP PARIBAS - SINGAPORE BRANCH,Singapore,SG
BNPAFRPP,BNPACNSH,BNP-Paribas SA,BNP PARIBAS (CHINA) LTD,China,CN
BNPAFRPP,BNPAFRPP,BNP-Paribas SA,BNP PARIBAS (FORMERLY BANQUE,France,FR
BNPAFRPP,BNPAGPGX,BNP-Paribas SA,BNP PARIBAS (FORMERLY BANQUE,Guadeloupe,GP
BNPAFRPP,BPPBCHGG,BNP-Paribas SA,BNP PARIBAS (SUISSE) SA,Switzerland,CH
BNPAFRPP,BNPAAU2S,BNP-Paribas SA,BNP PARIBAS AUSTRALIA,Australia,AU
BNPAFRPP,PPABPLPK,BNP-Paribas SA,BNP PARIBAS BANK POLSKA SA,Poland,PL
BNPAFRPP,GEBAPTPL,BNP-Paribas SA,BNP Paribas Fortis,Portugal,PT
BNPAFRPP,FTSBDKKK,BNP-Paribas SA,BNP PARIBAS FORTIS DENMARK BRANCH,Denmark,DK
BNPAFRPP,GEBAATWW,BNP-Paribas SA,BNP Paribas Fortis SA/NV,Austria,AT
BNPAFRPP,GEBABEBB,BNP-Paribas SA,BNP PARIBAS FORTIS SA/NV,Belgium,BE
BNPAFRPP,GEBACZPP,BNP-Paribas SA,BNP Paribas Fortis SA/NV,Czech Republic,CZ
BNPAFRPP,GEBADE33,BNP-Paribas SA,BNP Paribas Fortis SA/NV,Germany,DE
BNPAFRPP,FTSBROBU,BNP-Paribas SA,BNP Paribas Fortis SA/NV,Romania,RO
BNPAFRPP,GEBAESMM,BNP-Paribas SA,BNP Paribas Fortis SA/NV,Spain,ES
BNPAFRPP,FTSBSESS,BNP-Paribas SA,BNP Paribas Fortis SA/NV,Sweden,SE
BNPAFRPP,GEBAGB22,BNP-Paribas SA,BNP Paribas Fortis SA/NV,United Kingdom,GB
BNPAFRPP,BNPAINBB,BNP-Paribas SA,BNP PARIBAS INDIA,India,IN
BNPAFRPP,BNPAIE2D,BNP-Paribas SA,BNP PARIBAS IRELAND - DUBLIN BRANCH,Ireland,IE
BNPAFRPP,BNPANL2A,BNP-Paribas SA,BNP PARIBAS S.A.,Netherlands,NL
BNPAFRPP,BNPAHUHX,BNP-Paribas SA,"BNP PARIBAS,  HUNGARIA",Hungary,HU
BNPAFRPP,TEBUTRIS,BNP-Paribas SA,TURK EKONOMI BANKASI A.S,Turkey,TR
BNPAFRPP,BNPAQAQA,BNP-Paribas SA,"BNP Paribas, Doha",Qatar,QA
BNPAFRPP,BNPARUMM,BNP-Paribas SA,"#BNP PARIBAS BANK"" JSC",Russia,RU
BNPAFRPP,BNPAFRPP,BNP-Paribas SA,BMCI,Morocco,MA
BNPAFRPP,BNPAFRPP,BNP-Paribas SA,BNP Paribas,Martinique,MQ
BNPAFRPP,BNPAFRPP,BNP-Paribas SA,BNP Paribas,Reunion,RE
BNPAFRPP,BNPAFRPP,BNP-Paribas SA,BNP Paribas,New Caledonia,NC
BNPAFRPP,BNPAFRPP,BNP-Paribas SA,BNP Paribas,Bulgaria,BG
BNPAFRPP,BNPAFRPP,BNP-Paribas SA,BNP Paribas,Norway,NO
BNPAFRPP,BNPAFRPP,BNP-Paribas SA,BNP Paribas,Canada,CA
BNPAFRPP,BNPAFRPP,BNP-Paribas SA,BNP Paribas,Egypt,EG
BNPAFRPP,BNPAFRPP,BNP-Paribas SA,BNP Paribas,Hong Kong,HK
BNPAFRPP,BNPAFRPP,BNP-Paribas SA,BNP Paribas,United Arab Emirates,AE
BNPAFRPP,BNPAFRPP,BNP-Paribas SA,BNP Paribas,Saudi Arabia,SA
BNPAFRPP,BNPAFRPP,BNP-Paribas SA,BNP Paribas,Kuwait,KW
BNPAFRPP,BNPAFRPP,BNP-Paribas SA,BNP Paribas,Bahrain,BH
BOFAUS6S,BOFABE3X,"BANK OF AMERICA, N.A.","BANK OF AMERICA, N.A. ANTWERP",Belgium,BE
BOFAUS6S,BOFAGR2X,"BANK OF AMERICA, N.A.","BANK OF AMERICA, N.A. ATHENS",Greece,GR
BOFAUS6S,BOFATH2X,"BANK OF AMERICA, N.A.","BANK OF AMERICA, N.A. BANGKOK",Thailand,TH
BOFAUS6S,BOFAIE3X,"BANK OF AMERICA, N.A.","BANK OF AMERICA, N.A. DUBLIN",Ireland,IE
BOFAUS6S,BOFADEFX,"BANK OF AMERICA, N.A.","BANK OF AMERICA, N.A. FRANKFURT",Germany,DE
BOFAUS6S,BOFAHKHX,"BANK OF AMERICA, N.A.","BANK OF AMERICA, N.A. HONG KONG",Hong Kong,HK
BOFAUS6S,BOFAPH2X,"BANK OF AMERICA, N.A.","BANK OF AMERICA, N.A. MANILA",Philippines,PH
BOFAUS6S,BOFAIT2X,"BANK OF AMERICA, N.A.","BANK OF AMERICA, N.A. MILANO",Italy,IT
BOFAUS6S,BOFAFRPP,"BANK OF AMERICA, N.A.","BANK OF AMERICA, N.A. PARIS",France,FR
BOFAUS6S,BOFAKR2X,"BANK OF AMERICA, N.A.","BANK OF AMERICA, N.A. SEOUL BRANCH",Korea,KR
BOFAUS6S,BOFACN3X,"BANK OF AMERICA, N.A.","BANK OF AMERICA, N.A. SHANGHAI",China,CN
BOFAUS6S,BOFASG2X,"BANK OF AMERICA, N.A.","BANK OF AMERICA, N.A. SINGAPORE",Singapore,SG
BOFAUS6S,BOFAAUSX,"BANK OF AMERICA, N.A.","BANK OF AMERICA, N.A. SYDNEY",Australia,AU
BOFAUS6S,BOFATW2X,"BANK OF AMERICA, N.A.","BANK OF AMERICA, N.A. TAIPEI",Taiwan,TW
BOFAUS6S,BOFACATT,"BANK OF AMERICA, N.A.","BANK OF AMERICA, N.A.,CANADA BRANCH",Canada,CA
BOFAUS6S,BOFAID2X,"BANK OF AMERICA, N.A.","BANK OF AMERICA, N.A.JAKARTA BRANCH",Indonesia,ID
BOFAUS6S,BOFACH2X,"BANK OF AMERICA, N.A.",BANK OF AMERICA N.A.,Switzerland,CH
BOFAUS6S,BOFAUS6S,"BANK OF AMERICA, N.A.","BANK OF AMERICA, N.A.",Austria,AT
BOFAUS6S,BOFAUS6S,"BANK OF AMERICA, N.A.","BANK OF AMERICA, N.A.",Czech Republic,CZ
BOFAUS6S,BOFAUS6S,"BANK OF AMERICA, N.A.","BANK OF AMERICA, N.A.",Denmark,DK
BOFAUS6S,BOFAUS6S,"BANK OF AMERICA, N.A.","BANK OF AMERICA, N.A.",Finland,FI
BOFAUS6S,BOFAUS6S,"BANK OF AMERICA, N.A.","BANK OF AMERICA, N.A.",Hungary,HU
BOFAUS6S,BOFAUS6S,"BANK OF AMERICA, N.A.","BANK OF AMERICA, N.A.",Luxembourg,LU
BOFAUS6S,BOFAUS6S,"BANK OF AMERICA, N.A.","BANK OF AMERICA, N.A.",Norway,NO
BOFAUS6S,BOFAUS6S,"BANK OF AMERICA, N.A.","BANK OF AMERICA, N.A.",Poland,PL
BOFAUS6S,BOFAUS6S,"BANK OF AMERICA, N.A.","BANK OF AMERICA, N.A.",Portugal,PT
BOFAUS6S,BOFAUS6S,"BANK OF AMERICA, N.A.","BANK OF AMERICA, N.A.",Slovakia,SK
BOFAUS6S,BOFAUS6S,"BANK OF AMERICA, N.A.","BANK OF AMERICA, N.A.",Sweden,SE
BOFAUS6S,BOFAMY2X,"BANK OF AMERICA, N.A.",BANK OF AMERICA MALAYSIA BERHAD,Malaysia,MY
BOFAUS6S,BOFAGB2U,"BANK OF AMERICA, N.A.",BANK OF AMERICA MERILL LYNCH,United Kingdom,GB
BOFAUS6S,BOFAES2X,"BANK OF AMERICA, N.A.",BANK OF AMERICA N.A. MADRID,Spain,ES
BOFAUS6S,BOFAIN4X,"BANK OF AMERICA, N.A.",BANK OF AMERICA N.A. MUMBAI,India,IN
BOFAUS6S,BOFAMXMX,"BANK OF AMERICA, N.A.","BANK OF AMERICA, MEXICO S.A.",Mexico,MX
BOFAUS6S,BOFAJPJX,"BANK OF AMERICA, N.A.","BANK OF AMERICA, N. A, TOKYO BRANCH",Japan,JP
BOFAUS6S,BOFAUS3M,"BANK OF AMERICA, N.A.","BANK OF AMERICA, N.A.",United States,US
BOFAUS6S,BOFANLNX,"BANK OF AMERICA, N.A.","BANK OF AMERICA, N.A. AMSTERDAM",Netherlands,NL
BOPIPHMM,BOPIPHMM,BANK OF THE PHILIPPINE ISLANDS,BANK OF THE PHILIPPINE ISLANDS,Philippines,PH
BOSHCNSH,BOSHCNSH,BANK OF SHANGHAI,BANK OF SHANGHAI,China,CN
BOTKJPJT,AYUDTHBK,"BANK OF TOKYO-MITSUBISHI UFJ,",BANK OF AYUDHYA PUBLIC COMPANY LTD,Thailand,TH
BOTKJPJT,BOTKCNBD,"BANK OF TOKYO-MITSUBISHI UFJ,",BANK OF TOKYO-MITSUBISHI UFJ,China,CN
BOTKJPJT,BOTKAU2X,"BANK OF TOKYO-MITSUBISHI UFJ,","BANK OF TOKYO-MITSUBISHI UFJ,",Australia,AU
BOTKJPJT,BOTKDEDX,"BANK OF TOKYO-MITSUBISHI UFJ,","BANK OF TOKYO-MITSUBISHI UFJ,",Germany,DE
BOTKJPJT,BOTKHKHH,"BANK OF TOKYO-MITSUBISHI UFJ,","BANK OF TOKYO-MITSUBISHI UFJ,",Hong Kong,HK
BOTKJPJT,BOTKJPJ2,"BANK OF TOKYO-MITSUBISHI UFJ,","BANK OF TOKYO-MITSUBISHI UFJ,",Japan,JP
BOTKJPJT,BOTKKRSX,"BANK OF TOKYO-MITSUBISHI UFJ,","BANK OF TOKYO-MITSUBISHI UFJ,",Korea,KR
BOTKJPJT,BOTKSGSX,"BANK OF TOKYO-MITSUBISHI UFJ,","BANK OF TOKYO-MITSUBISHI UFJ,",Singapore,SG
BOTKJPJT,BOTKESMX,"BANK OF TOKYO-MITSUBISHI UFJ,","BANK OF TOKYO-MITSUBISHI UFJ,",Spain,ES
BOTKJPJT,BOTKGB2L,"BANK OF TOKYO-MITSUBISHI UFJ,","BANK OF TOKYO-MITSUBISHI UFJ,",United Kingdom,GB
BOTKJPJT,BOTKUS33,"BANK OF TOKYO-MITSUBISHI UFJ,","BANK OF TOKYO-MITSUBISHI UFJ,",United States,US
BOTKJPJT,BOTKVNVX,"BANK OF TOKYO-MITSUBISHI UFJ,","BANK OF TOKYO-MITSUBISHI UFJ,",Vietnam,VN
BOTKJPJT,BOTKJPJT,"BANK OF TOKYO-MITSUBISHI UFJ,",Bank of Tokyo-Mitsubishi UFJ (Canada),Canada,CA
BOTKJPJT,BOTKJPJT,"BANK OF TOKYO-MITSUBISHI UFJ,",Bank of Tokyo-Mitsubishi UFJ (Holland) N.V.,Austria,AT
BOTKJPJT,BOTKJPJT,"BANK OF TOKYO-MITSUBISHI UFJ,",Bank of Tokyo-Mitsubishi UFJ (Holland) N.V.,Czech Republic,CZ
BOTKJPJT,BOTKJPJT,"BANK OF TOKYO-MITSUBISHI UFJ,",Bank of Tokyo-Mitsubishi UFJ (Holland) N.V.,Netherlands,NL
BOTKJPJT,BOTKJPJT,"BANK OF TOKYO-MITSUBISHI UFJ,",Bank of Tokyo-Mitsubishi UFJ (Malaysia) Berhad ,Malaysia,MY
BOTKJPJT,BOTKJPJT,"BANK OF TOKYO-MITSUBISHI UFJ,",Bank of Tokyo-Mitsubishi UFJ (Polska) Spolka Akcyjna,Poland,PL
BOTKJPJT,BOTKJPJT,"BANK OF TOKYO-MITSUBISHI UFJ,","The Bank of Tokyo-Mitsubishi UFJ, Ltd.",Belgium,BE
BOTKJPJT,BOTKJPJT,"BANK OF TOKYO-MITSUBISHI UFJ,","The Bank of Tokyo-Mitsubishi UFJ, Ltd.",Chile,CL
BOTKJPJT,BOTKJPJT,"BANK OF TOKYO-MITSUBISHI UFJ,","The Bank of Tokyo-Mitsubishi UFJ, Ltd.",France,FR
BOTKJPJT,BOTKJPJT,"BANK OF TOKYO-MITSUBISHI UFJ,","The Bank of Tokyo-Mitsubishi UFJ, Ltd.",Indonesia,ID
BOTKJPJT,BOTKJPJT,"BANK OF TOKYO-MITSUBISHI UFJ,","The Bank of Tokyo-Mitsubishi UFJ, Ltd.",India,IN
BOTKJPJT,BOTKJPJT,"BANK OF TOKYO-MITSUBISHI UFJ,","The Bank of Tokyo-Mitsubishi UFJ, Ltd.",Italy,IT
BOTKJPJT,BOTKJPJT,"BANK OF TOKYO-MITSUBISHI UFJ,","The Bank of Tokyo-Mitsubishi UFJ, Ltd.",New Zealand,NZ
BOTKJPJT,BOTKJPJT,"BANK OF TOKYO-MITSUBISHI UFJ,","The Bank of Tokyo-Mitsubishi UFJ, Ltd.",Philippines,PH
BOTKJPJT,BOTKJPJT,"BANK OF TOKYO-MITSUBISHI UFJ,","The Bank of Tokyo-Mitsubishi UFJ, Ltd.",Pakistan,PK
BOTKJPJT,BOTKJPJT,"BANK OF TOKYO-MITSUBISHI UFJ,","The Bank of Tokyo-Mitsubishi UFJ, Ltd.",Taiwan,TW
BOTKJPJT,BOTKJPJT,"BANK OF TOKYO-MITSUBISHI UFJ,","The Bank of Tokyo-Mitsubishi UFJ, Ltd.",United Arab Emirates,AE
BREDFRPP,BREDFRPP,BRED BP,BRED BP,France,FR
BSABESBB,BSABFRPP,"BANCO DE SABADELL, S.A",BANCO DE SABADELL,France,FR
BSABESBB,BSABGB2L,"BANCO DE SABADELL, S.A",BANCO DE SABADELL,United Kingdom,GB
BSABESBB,BSABMAMC,"BANCO DE SABADELL, S.A",BANCO DE SABADELL S.A,Morocco,MA
BSABESBB,BSABESBB,"BANCO DE SABADELL, S.A","BANCO DE SABADELL, S.A",Spain,ES
BSAMLKLX,BSAMLKLX,Sampath Bank PLC-PQ144,Sampath Bank PLC-PQ144,Sri Lanka,LK
BSCHESMM,BMSXMXMM,BANCO SANTANDER S.A,BANCO SANTANDER (MEXICO) S.A.,Mexico,MX
BSCHESMM,BSCHESMG,BANCO SANTANDER S.A,BANCO SANTANDER S.A,Spain,ES
BSCHESMM,TOTAPTPL,BANCO SANTANDER S.A,"BANCO SANTANDER TOTTA, SA",Portugal,PT
BSCHESMM,BSCHCLRM,BANCO SANTANDER S.A,"BANCO SANTANDER, SANTIAGO",Chile,CL
BSUIFRPP,AGRICHGG,CREDIT AGRICOLE CORPORATE INVESTMENT BANK,CREDIT AGRICOLE (SUISSE) sa,Switzerland,CH
BSUIFRPP,CRLYBEBB,CREDIT AGRICOLE CORPORATE INVESTMENT BANK,CREDIT AGRICOLE CIB,Belgium,BE
BSUIFRPP,CRLYCNSH,CREDIT AGRICOLE CORPORATE INVESTMENT BANK,CREDIT AGRICOLE CIB,China,CN
BSUIFRPP,BSUIFIHH,CREDIT AGRICOLE CORPORATE INVESTMENT BANK,CREDIT AGRICOLE CIB,Finland,FI
BSUIFRPP,BSUIFRPP,CREDIT AGRICOLE CORPORATE INVESTMENT BANK,CREDIT AGRICOLE CIB,France,FR
BSUIFRPP,BSUIDEFF,CREDIT AGRICOLE CORPORATE INVESTMENT BANK,CREDIT AGRICOLE CIB,Germany,DE
BSUIFRPP,CRLYHKHH,CREDIT AGRICOLE CORPORATE INVESTMENT BANK,CREDIT AGRICOLE CIB,Hong Kong,HK
BSUIFRPP,BSUIITMM,CREDIT AGRICOLE CORPORATE INVESTMENT BANK,CREDIT AGRICOLE CIB,Italy,IT
BSUIFRPP,BSUIJPJT,CREDIT AGRICOLE CORPORATE INVESTMENT BANK,CREDIT AGRICOLE CIB,Japan,JP
BSUIFRPP,CRLYKRSE,CREDIT AGRICOLE CORPORATE INVESTMENT BANK,CREDIT AGRICOLE CIB,Korea,
BSUIFRPP,CRLYRU2P,CREDIT AGRICOLE CORPORATE INVESTMENT BANK,CREDIT AGRICOLE CIB,Russia,RU
BSUIFRPP,CRLYSGSG,CREDIT AGRICOLE CORPORATE INVESTMENT BANK,CREDIT AGRICOLE CIB,Singapore,SG
BSUIFRPP,BSUIESMM,CREDIT AGRICOLE CORPORATE INVESTMENT BANK,CREDIT AGRICOLE CIB,Spain,ES
BSUIFRPP,CRLYTWTP,CREDIT AGRICOLE CORPORATE INVESTMENT BANK,CREDIT AGRICOLE CIB,Taiwan,TW
BSUIFRPP,BSUIAEAD,CREDIT AGRICOLE CORPORATE INVESTMENT BANK,CREDIT AGRICOLE CIB,United Arab Emirates,AE
BSUIFRPP,CRLYGB2L,CREDIT AGRICOLE CORPORATE INVESTMENT BANK,CREDIT AGRICOLE CIB,United Kingdom,GB
BSUIFRPP,CRLYINBB,CREDIT AGRICOLE CORPORATE INVESTMENT BANK,CREDIT AGRICOLE CIB,India,IN
BSUIFRPP,BSUISESS,CREDIT AGRICOLE CORPORATE INVESTMENT BANK,CREDIT AGRICOLE CIB,Sweden,SE
BSUIFRPP,CRLYUS33,CREDIT AGRICOLE CORPORATE INVESTMENT BANK,CREDIT AGRICOLE CIB,United States,US
CHASUS33,CHASBRSP,"JPMorgan Chase Bank, N.A.","JPMORGAN CHASE BANK, N. A.",Brazil,BR
CHASUS33,CHASMXMX,"JPMorgan Chase Bank, N.A.","JPMORGAN CHASE BANK, N. A.",Mexico,MX
CHASUS33,CHASIE2X,"JPMorgan Chase Bank, N.A.","JPMORGAN CHASE BANK, N. A.",Ireland,IE
CHASUS33,CHASDEFX,"JPMorgan Chase Bank, N.A.","JPMORGAN CHASE BANK, N. A.",Germany,DE
CHASUS33,CHASMYKX,"JPMorgan Chase Bank, N.A.","JPMORGAN CHASE BANK, N. A.",Malaysia,MY
CHASUS33,CHASBEBX,"JPMorgan Chase Bank, N.A.","JPMORGAN CHASE BANK, N. A.",Belgium,BE
CHASUS33,CHASAU2X,"JPMorgan Chase Bank, N.A.","JPMORGAN CHASE BANK, N. A.",Australia,AU
CHASUS33,CHASGB2L,"JPMorgan Chase Bank, N.A.","JPMORGAN CHASE BANK, N. A.",Austria,AT
CHASUS33,CHASCATT,"JPMorgan Chase Bank, N.A.","JPMORGAN CHASE BANK, N. A.",Canada,CA
CHASUS33,CHASNZ2A,"JPMorgan Chase Bank, N.A.","JPMORGAN CHASE BANK, N. A.",New Zealand,NZ
CHASUS33,MGTCZAJJ,"JPMorgan Chase Bank, N.A.","JPMORGAN CHASE BANK, N. A.",South Africa,ZA
CHASUS33,CHASCHGX,"JPMorgan Chase Bank, N.A.","JPMORGAN CHASE BANK, N. A.",Switzerland,CH
CHASUS33,CHASGB2L,"JPMorgan Chase Bank, N.A.","JPMORGAN CHASE BANK, N. A.",Saudi Arabia,SA
CHASUS33,CHASGB2L,"JPMorgan Chase Bank, N.A.","JPMORGAN CHASE BANK, N. A.",Bahrain,BH
CHASUS33,CHASGB2L,"JPMorgan Chase Bank, N.A.","JPMORGAN CHASE BANK, N. A.",Botswana,BW
CHASUS33,CHASSGSG,"JPMorgan Chase Bank, N.A.","JPMORGAN CHASE BANK, N. A.",Brunei Darussalam,BN
CHASUS33,CHASGB2L,"JPMorgan Chase Bank, N.A.","JPMORGAN CHASE BANK, N. A.",Croatia,HR
CHASUS33,CHASGB2L,"JPMorgan Chase Bank, N.A.","JPMORGAN CHASE BANK, N. A.",Cyprus,CY
CHASUS33,CHASGB2L,"JPMorgan Chase Bank, N.A.","JPMORGAN CHASE BANK, N. A.",Czech Republic,CZ
CHASUS33,CHASGB2L,"JPMorgan Chase Bank, N.A.","JPMORGAN CHASE BANK, N. A.",Denmark,DK
CHASUS33,CHASGB2L,"JPMorgan Chase Bank, N.A.","JPMORGAN CHASE BANK, N. A.",Egypt,EG
CHASUS33,CHASGB2L,"JPMorgan Chase Bank, N.A.","JPMORGAN CHASE BANK, N. A.",Estonia,EE
CHASUS33,CHASAU2X,"JPMorgan Chase Bank, N.A.","JPMORGAN CHASE BANK, N. A.",Fiji,FJ
CHASUS33,CHASGB2L,"JPMorgan Chase Bank, N.A.","JPMORGAN CHASE BANK, N. A.",Finland,FI
CHASUS33,CHASFRPP,"JPMorgan Chase Bank, N.A.","JPMORGAN CHASE BANK, N. A.",France,FR
CHASUS33,MGTCZAJJ,"JPMorgan Chase Bank, N.A.","JPMORGAN CHASE BANK, N. A.",Ghana,GH
CHASUS33,CHASGB2L,"JPMorgan Chase Bank, N.A.","JPMORGAN CHASE BANK, N. A.",Greece,GR
CHASUS33,CHASGB2L,"JPMorgan Chase Bank, N.A.","JPMORGAN CHASE BANK, N. A.",Hungary,HU
CHASUS33,CHASGB2L,"JPMorgan Chase Bank, N.A.","JPMORGAN CHASE BANK, N. A.",Iceland,IS
CHASUS33,CHASINBX,"JPMorgan Chase Bank, N.A.","JPMORGAN CHASE BANK, N. A.",India,IN
CHASUS33,CHASIDJX,"JPMorgan Chase Bank, N.A.","JPMORGAN CHASE BANK, N. A.",Indonesia,ID
CHASUS33,CHASGB2L,"JPMorgan Chase Bank, N.A.","JPMORGAN CHASE BANK, N. A.",Israel,IL
CHASUS33,CHASITMX,"JPMorgan Chase Bank, N.A.","JPMORGAN CHASE BANK, N. A.",Italy,IT
CHASUS33,CHASJPJT,"JPMorgan Chase Bank, N.A.","JPMORGAN CHASE BANK, N. A.",Japan,JP
CHASUS33,CHASGB2L,"JPMorgan Chase Bank, N.A.","JPMORGAN CHASE BANK, N. A.",Kazakhstan,KZ
CHASUS33,MGTCZAJJ,"JPMorgan Chase Bank, N.A.","JPMORGAN CHASE BANK, N. A.",Kenya,KE
CHASUS33,CHASGB2L,"JPMorgan Chase Bank, N.A.","JPMORGAN CHASE BANK, N. A.",Kuwait,KW
CHASUS33,CHASGB2L,"JPMorgan Chase Bank, N.A.","JPMORGAN CHASE BANK, N. A.",Latvia,LV
CHASUS33,CHASGB2L,"JPMorgan Chase Bank, N.A.","JPMORGAN CHASE BANK, N. A.",Lithuania,LT
CHASUS33,CHASGB2L,"JPMorgan Chase Bank, N.A.","JPMORGAN CHASE BANK, N. A.",Luxembourg,LU
CHASUS33,CHASGB2L,"JPMorgan Chase Bank, N.A.","JPMORGAN CHASE BANK, N. A.",Malta,MT
CHASUS33,CHASGB2L,"JPMorgan Chase Bank, N.A.","JPMORGAN CHASE BANK, N. A.",Morocco,MA
CHASUS33,CHASNL2X,"JPMorgan Chase Bank, N.A.","JPMORGAN CHASE BANK, N. A.",Netherlands,NL
CHASUS33,CHASGB2L,"JPMorgan Chase Bank, N.A.","JPMORGAN CHASE BANK, N. A.",Oman,OM
CHASUS33,CHASAU2X,"JPMorgan Chase Bank, N.A.","JPMORGAN CHASE BANK, N. A.",Papua New Guinea,PG
CHASUS33,CHASGB2L,"JPMorgan Chase Bank, N.A.","JPMORGAN CHASE BANK, N. A.",Peru,PE
CHASUS33,CHASPHMM,"JPMorgan Chase Bank, N.A.","JPMORGAN CHASE BANK, N. A.",Philippines,PH
CHASUS33,CHASGB2L,"JPMorgan Chase Bank, N.A.","JPMORGAN CHASE BANK, N. A.",Poland,PL
CHASUS33,CHASGB2L,"JPMorgan Chase Bank, N.A.","JPMORGAN CHASE BANK, N. A.",Portugal,PT
CHASUS33,CHASGB2L,"JPMorgan Chase Bank, N.A.","JPMORGAN CHASE BANK, N. A.",Qatar,QA
CHASUS33,CHASGB2L,"JPMorgan Chase Bank, N.A.","JPMORGAN CHASE BANK, N. A.",Romania,RO
CHASUS33,CHASGB2L,"JPMorgan Chase Bank, N.A.","JPMORGAN CHASE BANK, N. A.",Republic of Serbia,RS
CHASUS33,CHASSGSG,"JPMorgan Chase Bank, N.A.","JPMORGAN CHASE BANK, N. A.",Singapore,SG
CHASUS33,CHASGB2L,"JPMorgan Chase Bank, N.A.","JPMORGAN CHASE BANK, N. A.",Slovakia,SK
CHASUS33,CHASGB2L,"JPMorgan Chase Bank, N.A.","JPMORGAN CHASE BANK, N. A.",Slovenia,SI
CHASUS33,CHASESM3,"JPMorgan Chase Bank, N.A.","JPMORGAN CHASE BANK, N. A.",Spain,ES
CHASUS33,CHASGB2L,"JPMorgan Chase Bank, N.A.","JPMORGAN CHASE BANK, N. A.",Sweden,SE
CHASUS33,CHASTWTX,"JPMorgan Chase Bank, N.A.","JPMORGAN CHASE BANK, N. A.",Taiwan,TW
CHASUS33,MGTCZAJJ,"JPMorgan Chase Bank, N.A.","JPMORGAN CHASE BANK, N. A.",Tanzania,TZ
CHASUS33,CHASGB2L,"JPMorgan Chase Bank, N.A.","JPMORGAN CHASE BANK, N. A.",Tunisia,TN
CHASUS33,CHASGB2L,"JPMorgan Chase Bank, N.A.","JPMORGAN CHASE BANK, N. A.",Turkey,TR
CHASUS33,MGTCZAJJ,"JPMorgan Chase Bank, N.A.","JPMORGAN CHASE BANK, N. A.",Uganda,UG
CHASUS33,CHASGB2L,"JPMorgan Chase Bank, N.A.","JPMORGAN CHASE BANK, N. A.",United Arab Emirates,AE
CHASUS33,CHASGB2L,"JPMorgan Chase Bank, N.A.","JPMORGAN CHASE BANK, N. A.",United Kingdom,GB
CHASUS33,CHASUS33,"JPMorgan Chase Bank, N.A.","JPMORGAN CHASE BANK, N. A.",United States,US
CHASUS33,CHASVNVX,"JPMorgan Chase Bank, N.A.","JPMORGAN CHASE BANK, N. A.",Vietnam,VN
CHASUS33,MGTCZAJJ,"JPMorgan Chase Bank, N.A.","JPMORGAN CHASE BANK, N. A.",Zambia,ZM
CHASUS33,CHASKRSX,"JPMorgan Chase Bank, N.A.","JPMORGAN CHASE BANK, N. A.",Korea,KR
CHASUS33,CHASTHBX,"JPMorgan Chase Bank, N.A.","JPMORGAN CHASE BANK, N. A.",Thailand,TH
CHASUS33,CHASHKHH,"JPMorgan Chase Bank, N.A.","JPMORGAN CHASE BANK, N. A.",Hong Kong,HK
CHASUS33,CHASCN22,"JPMorgan Chase Bank, N.A.","JPMORGAN CHASE BANK, N. A.",China,CN
CHASUS33,CHASGB2L,"JPMorgan Chase Bank, N.A.","JPMORGAN CHASE BANK, N. A.",Russia,RU
CHASUS33,CHASGB2L,"JPMorgan Chase Bank, N.A.","JPMORGAN CHASE BANK, N. A.",Norway,NO
CIBBMYKL,CIBBMYKL,CIMB BANK BERHAD,CIMB BANK BERHAD,Malaysia,MY
CIBBMYKL,CIBBMY2L,CIMB BANK BERHAD,CIMB BANK BERHAD,Malaysia,MY
CIBKCNBJ,CIBKCNBJ,CHINA CITIC BANK,CHINA CITIC BANK,China,CN
CINAUS6L,CINAUS6L,City National Bank,City National Bank,United States,US
CITIUS33,BACUSVSS,CITIBANK N.A.,BANCO CITIBANK DE EL SALVADOR S.A.,El Salvador,SV
CITIUS33,BNMXMXMM,CITIBANK N.A.,BANCO NACIONAL DE MEXICO S.A.,Mexico,MX
CITIUS33,CITIPLPX,CITIBANK N.A.,"BANK HANDLOWY W, WARSZAWIE SA",Poland,PL
CITIUS33,CITICNSX,CITIBANK N.A.,"CITIBANK (CHINA) CO., LTD.",China,CN
CITIUS33,CITITRIX,CITIBANK N.A.,CITIBANK A.S.,Turkey,TR
CITIUS33,CITILBBE,CITIBANK N.A.,CITIBANK BEIRUT,Lebanon,LB
CITIUS33,CITIMYKL,CITIBANK N.A.,CITIBANK BERHAD,Malaysia,MY
CITIUS33,CITIJESX,CITIBANK N.A.,CITIBANK C.I.  LIMITED,Jersey,JE
CITIUS33,CITIEGCX,CITIBANK N.A.,CITIBANK CAIRO,Egypt,EG
CITIUS33,CITICATT,CITIBANK N.A.,CITIBANK CANADA,Canada,CA
CITIUS33,CITICOBB,CITIBANK N.A.,CITIBANK COLOMBIA,Colombia,CO
CITIUS33,CITICDKX,CITIBANK N.A.,CITIBANK CONGO,Congo,CD
CITIUS33,CITIPEPL,CITIBANK N.A.,CITIBANK DEL PERU S.A.,Peru,PE
CITIUS33,CITIHUHX,CITIBANK N.A.,CITIBANK EUROPE PLC,Hungary,HU
CITIUS33,CITIIE4X,CITIBANK N.A.,CITIBANK EUROPE PLC,Ireland,IE
CITIUS33,CITIBGSF,CITIBANK N.A.,"CITIBANK EUROPE PLC,",Bulgaria,BG
CITIUS33,CITIROBU,CITIBANK N.A.,"CITIBANK EUROPE PLC,",Romania,RO
CITIUS33,CITICZPX,CITIBANK N.A.,"CITIBANK EUROPE PLC, ORGANIZACNI",Czech Republic,CZ
CITIUS33,CITISKBA,CITIBANK N.A.,"CITIBANK EUROPE PLC, POBOCKA",Slovakia,SK
CITIUS33,CITIBEBX,CITIBANK N.A.,CITIBANK INTERNATIONAL PLC,Belgium,BE
CITIUS33,CITIDKKX,CITIBANK N.A.,CITIBANK INTERNATIONAL PLC,Denmark,DK
CITIUS33,CITIFRPP,CITIBANK N.A.,CITIBANK INTERNATIONAL PLC,France,FR
CITIUS33,CITTITMM,CITIBANK N.A.,CITIBANK INTERNATIONAL PLC,Italy,IT
CITIUS33,CITILULX,CITIBANK N.A.,CITIBANK INTERNATIONAL PLC,Luxembourg,LU
CITIUS33,CITINL2X,CITIBANK N.A.,CITIBANK INTERNATIONAL PLC,Netherlands,NL
CITIUS33,CITISESX,CITIBANK N.A.,CITIBANK INTERNATIONAL PLC,Sweden,SE
CITIUS33,CITIGRAA,CITIBANK N.A.,CITIBANK INTERNATIONAL PLC - GREECE,Greece,GR
CITIUS33,CITIPTPX,CITIBANK N.A.,"CITIBANK INTERNATIONAL PLC,",Portugal,PT
CITIUS33,CITIFIHX,CITIBANK N.A.,"CITIBANK INTERNATIONAL PLC, FINLAND",Finland,FI
CITIUS33,CITINOKX,CITIBANK N.A.,"CITIBANK INTERNATIONAL PLC, NORWAY",Norway,NO
CITIUS33,CITIESMX,CITIBANK N.A.,CITIBANK INTERNATIONAL PLC.,Spain,ES
CITIUS33,CITIATWX,CITIBANK N.A.,CITIBANK INTERNATIONAL PLC-A,Austria,AT
CITIUS33,CITIJPJT,CITIBANK N.A.,CITIBANK JAPAN LTD.,Japan,JP
CITIUS33,CITIKRSX,CITIBANK N.A.,CITIBANK KOREA INC.,Korea,KR
CITIUS33,CITIUGKA,CITIBANK N.A.,CITIBANK LTD,Uganda,UG
CITIUS33,CITIMAMC,CITIBANK N.A.,CITIBANK MAGHREB,Morocco,MA
CITIUS33,CITIPKKX,CITIBANK N.A.,"CITIBANK N. A., PAKISTAN",Pakistan,PK
CITIUS33,CITICIAX,CITIBANK N.A.,CITIBANK N.A,Ivory Coast,CI
CITIUS33,CITIIDJX,CITIBANK N.A.,CITIBANK N.A,Indonesia,ID
CITIUS33,CITIJOAX,CITIBANK N.A.,CITIBANK N.A,Jordan,JO
CITIUS33,CITISGSG,CITIBANK N.A.,CITIBANK N.A,Singapore,SG
CITIUS33,CITILKLX,CITIBANK N.A.,CITIBANK N.A,Sri Lanka,LK
CITIUS33,CITITHBX,CITIBANK N.A.,CITIBANK N.A,Thailand,TH
CITIUS33,CITITNTX,CITIBANK N.A.,CITIBANK N.A,Tunisia,TN
CITIUS33,CITIVNVX,CITIBANK N.A.,CITIBANK N.A,Vietnam,VN
CITIUS33,CITIPHMX,CITIBANK N.A.,CITIBANK N.A (MANILA BRANCH),Philippines,PH
CITIUS33,CITIARBA,CITIBANK N.A.,CITIBANK N.A.,Argentina,AR
CITIUS33,CITIAUSX,CITIBANK N.A.,CITIBANK N.A.,Australia,AU
CITIUS33,CITIBSNA,CITIBANK N.A.,CITIBANK N.A.,Bahamas,BS
CITIUS33,CITIBHBX,CITIBANK N.A.,CITIBANK N.A.,Bahrain,BH
CITIUS33,CITIBDDX,CITIBANK N.A.,CITIBANK N.A.,Bangladesh,BD
CITIUS33,CITIBNBX,CITIBANK N.A.,CITIBANK N.A.,Brunei Darussalam,BN
CITIUS33,CITICMCX,CITIBANK N.A.,CITIBANK N.A.,Cameroon,CM
CITIUS33,CITIGALX,CITIBANK N.A.,CITIBANK N.A.,Gabon,GA
CITIUS33,CITIILIT,CITIBANK N.A.,CITIBANK N.A.,Israel,IL
CITIUS33,CITIKENA,CITIBANK N.A.,CITIBANK N.A.,Kenya,KE
CITIUS33,CITIKWKW,CITIBANK N.A.,CITIBANK N.A.,Kuwait,KW
CITIUS33,CITIPRSJ,CITIBANK N.A.,CITIBANK N.A.,Puerto Rico,PR
CITIUS33,CITISNDA,CITIBANK N.A.,CITIBANK N.A.,Senegal,SN
CITIUS33,CITICHZZ,CITIBANK N.A.,CITIBANK N.A.,Switzerland,CH
CITIUS33,CITIAEAD,CITIBANK N.A.,CITIBANK N.A.,United Arab Emirates,AE
CITIUS33,CITIGB2L,CITIBANK N.A.,CITIBANK N.A.,United Kingdom,GB
CITIUS33,CITIUS33,CITIBANK N.A.,CITIBANK N.A.,United States,US
CITIUS33,CITIDZAL,CITIBANK N.A.,CITIBANK N.A. ALGERIA,Algeria,DZ
CITIUS33,CITIGTGC,CITIBANK N.A.,CITIBANK N.A. GUATEMALA,Guatemala,GT
CITIUS33,CITIPAPA,CITIBANK N.A.,CITIBANK N.A. SUCURSAL PANAMA,Panama,PA
CITIUS33,CITIVECA,CITIBANK N.A.,CITIBANK N.A. SUCURSAL VENEZUELA,Venezuela,VE
CITIUS33,CITIUYMM,CITIBANK N.A.,CITIBANK N.A. URUGUAY,Uruguay,UY
CITIUS33,CITINZ2X,CITIBANK N.A.,"CITIBANK N.A., NEW ZEALAND BRANCH",New Zealand,NZ
CITIUS33,CITIHKHX,CITIBANK N.A.,CITIBANK NA,Hong Kong,HK
CITIUS33,CITIBRSX,CITIBANK N.A.,CITIBANK NA - BRAZIL,Brazil,BR
CITIUS33,CITINGLA,CITIBANK N.A.,CITIBANK NIGERIA LIMITED,Nigeria,NG
CITIUS33,CITIZAJX,CITIBANK N.A.,CITIBANK SOUTH AFRICA,South Africa,ZA
CITIUS33,CITITWTX,CITIBANK N.A.,CITIBANK TAIWAN LIMITED,Taiwan,TW
CITIUS33,CITITZTZ,CITIBANK N.A.,CITIBANK TANZANIA LTD,Tanzania,TZ
CITIUS33,CITIZMLU,CITIBANK N.A.,CITIBANK ZAMBIA LTD,Zambia,ZM
CITIUS33,CITIINBX,CITIBANK N.A.,"CITIBANK, N.A",India,IN
CITIUS33,CITIBBBB,CITIBANK N.A.,CITICORP MERCHANT BANK LIMITED,Barbados,BB
CITIUS33,CITIDEFF,CITIBANK N.A.,CITIGROUP GLOBAL MARKETS,Germany,DE
CITIUS33,CITITTPS,CITIBANK N.A.,CITIGROUP NA,Trinidad and Tobago,TT
CITIUS33,CITIRUMX,CITIBANK N.A.,"ZAO CITIBANK, MOSCOW",Russia,RU
CMBCCNBS,CMBCCNBS,CHINA MERCHANTS BANK H.O.,CHINA MERCHANTS BANK H.O.,China,CN
CMCIFRPA,CMCIFRPA,CREDIT MUTUEL - CIC BANQUES,CREDIT MUTUEL - CIC BANQUES,France,FR
CMCIFRPA,CMCIFR2A,CREDIT MUTUEL - CIC BANQUES,CAISSE FEDERALE DE CREDIT MUTUEL,France,FR
CMCIFRPA,CMCIFRPP,CREDIT MUTUEL - CIC BANQUES,CM - CIC BANQUES,France,FR
COBADEFF,COBASKBX,COMMERZBANK AG,COMMERZBANK,Slovakia,SK
COBADEFF,COBACZPX,COMMERZBANK AG,COMMERZBANK AG,Czech Republic,CZ
COBADEFF,COBADEFF,COMMERZBANK AG,COMMERZBANK AG,Germany,DE
COBADEFF,COBABEBX,COMMERZBANK AG,COMMERZBANK AG,Belgium,BE
COBADEFF,COBAITMM,COMMERZBANK AG,COMMERZBANK AG,Italy,IT
COBADEFF,COBAFRPX,COMMERZBANK AG,COMMERZBANK AG,France,FR
COBADEFF,COBAATWX,COMMERZBANK AG,COMMERZBANK AG,Austria,AT
COBADEFF,COBANL2X,COMMERZBANK AG,COMMERZBANK AG,Netherlands,NL
COBADEFF,COBACHZH,COMMERZBANK AG,COMMERZBANK AG,Switzerland,CH
COBADEFF,COBAESMX,COMMERZBANK AG,COMMERZBANK AG,Spain,ES
COBADEFF,COBAHUHX,COMMERZBANK AG,COMMERZBANK AG,Hungary,HU
COBADEFF,COBACNSX,COMMERZBANK AG,COMMERZBANK AG,China,CN
COBADEFF,COBAHKHX,COMMERZBANK AG,COMMERZBANK AG,Hong Kong,HK
COBADEFF,COBASGSX,COMMERZBANK AG,COMMERZBANK AG,Singapore,SG
COBADEFF,COBALULU,COMMERZBANK AG,COMMERZBANK AG,Luxembourg,LU
COBADEFF,COBAUS3X,COMMERZBANK AG,COMMERZBANK AG,United States,US
COBADEFF,COBAJPJX,COMMERZBANK AG,COMMERZBANK AG,Japan,JP
COBADEFF,COBAGB2X,COMMERZBANK AG,COMMERZBANK AG,United Kingdom,GB
COMMCNSH,COMMCNSH,Bank of Communications,"BANK OF COMMUNICATIONS, CO. LTD.",China,CN
CREDCLRM,CREDCLRM,BANCO DE CREDITO E INVERSIONES,BANCO DE CREDITO E INVERSIONES,Chile,CL
CRESCHZZ,CRESCHZZ,CREDIT SUISSE AG,CREDIT SUISSE AG,Switzerland,CH
CTBAAU2S,CTBAAU2S,Commonwealth Bank of Australia,Commonwealth Bank of Australia SYDNEY,Australia,AU
DABADKKK,DABAGB2B,DANSKE BANK A/S,Northern Bank Limited,United_Kingdom,
DABADKKK,DABAGB2L,DANSKE BANK A/S,DANSKE BANK,United Kingdom,GB
DABADKKK,DABADKKK,DANSKE BANK A/S,DANSKE BANK A/S,Denmark,DK
DABADKKK,DABADEHH,DANSKE BANK A/S,Danske Bank A/S,Germany,DE
DABADKKK,DABAIE2D,DANSKE BANK A/S,Danske Bank A/S,Ireland,IE
DABADKKK,DABANO22,DANSKE BANK A/S,Danske Bank A/S,Norway,NO
DABADKKK,DABAPLPW,DANSKE BANK A/S,Danske Bank A/S,Poland,PL
DABADKKK,DABASESX,DANSKE BANK A/S,Danske Bank A/S,Sweden,SE
DABADKKK,SMPOLT22,DANSKE BANK A/S,DANSKE BANK A/S LIETUVOS FILIALAS,Lithuania,LT
DABADKKK,DABAFIHH,DANSKE BANK A/S,Danske Bank Plc,Finland,FI
DABADKKK,DABAFIHX,DANSKE BANK A/S,"Danske Bank, Helsinki Branch",Finland,FI
DBSSSGSG,DHBKHKHH,DBS BANK LIMITED,DBS BANK (HONG KONG) LIMITED,Hong Kong,HK
DBSSSGSG,DBSSSGSG,DBS BANK LIMITED,DBS BANK LIMITED,Singapore,SG
DEUTDEFF,DEUTDEFF,DEUTSCHE BANK AG,DEUTSCHE BANK A.G.,United Arab Emirates,AE
DEUTDEFF,DEUTDEFF,DEUTSCHE BANK AG,DEUTSCHE BANK A.G.,Austria,AT
DEUTDEFF,DEUTDEFF,DEUTSCHE BANK AG,DEUTSCHE BANK A.G.,Belgium,BE
DEUTDEFF,DEUTDEFF,DEUTSCHE BANK AG,DEUTSCHE BANK S.A. - BANCO ALEMAO,Brazil,BR
DEUTDEFF,DEUTDEFF,DEUTSCHE BANK AG,DEUTSCHE BANK A.G.,Canada,CA
DEUTDEFF,DEUTDEFF,DEUTSCHE BANK AG,DEUTSCHE BANK A.G.,Switzerland,CH
DEUTDEFF,DEUTDEFF,DEUTSCHE BANK AG,DEUTSCHE BANK A.G.,China,CN
DEUTDEFF,DEUTDEFF,DEUTSCHE BANK AG,DEUTSCHE BANK A.G.,Czech Republic,CZ
DEUTDEFF,DEUTDEFF,DEUTSCHE BANK AG,DEUTSCHE BANK A.G.,Germany,DE
DEUTDEFF,DEUTDEFF,DEUTSCHE BANK AG,DEUTSCHE BANK A.G.,Spain,ES
DEUTDEFF,DEUTDEFF,DEUTSCHE BANK AG,DEUTSCHE BANK A.G.,France,FR
DEUTDEFF,DEUTDEFF,DEUTSCHE BANK AG,DEUTSCHE BANK A.G.,United Kingdom,GB
DEUTDEFF,DEUTDEFF,DEUTSCHE BANK AG,DEUTSCHE BANK A.G.,Hong Kong,HK
DEUTDEFF,DEUTDEFF,DEUTSCHE BANK AG,DEUTSCHE BANK A.G.,Hungary,HU
DEUTDEFF,DEUTDEFF,DEUTSCHE BANK AG,DEUTSCHE BANK A.G.,Indonesia,ID
DEUTDEFF,DEUTDEFF,DEUTSCHE BANK AG,DEUTSCHE BANK A.G.,India,IN
DEUTDEFF,DEUTDEFF,DEUTSCHE BANK AG,DEUTSCHE BANK A.G.,Italy,IT
DEUTDEFF,DEUTDEFF,DEUTSCHE BANK AG,DEUTSCHE BANK A.G.,Japan,JP
DEUTDEFF,DEUTDEFF,DEUTSCHE BANK AG,DEUTSCHE BANK A.G.,"Korea, Republic of",KR
DEUTDEFF,DEUTDEFF,DEUTSCHE BANK AG,DEUTSCHE BANK A.G.,Sri Lanka,LK
DEUTDEFF,DEUTDEFF,DEUTSCHE BANK AG,DEUTSCHE BANK A.G.,Malaysia,MY
DEUTDEFF,DEUTDEFF,DEUTSCHE BANK AG,DEUTSCHE BANK A.G.,Netherlands,NL
DEUTDEFF,DEUTDEFF,DEUTSCHE BANK AG,DEUTSCHE BANK A.G.,Philippines,PH
DEUTDEFF,DEUTDEFF,DEUTSCHE BANK AG,DEUTSCHE BANK A.G.,Pakistan,PK
DEUTDEFF,DEUTDEFF,DEUTSCHE BANK AG,DEUTSCHE BANK A.G.,Poland,PL
DEUTDEFF,DEUTDEFF,DEUTSCHE BANK AG,DEUTSCHE BANK A.G.,Portugal,PT
DEUTDEFF,DEUTDEFF,DEUTSCHE BANK AG,DEUTSCHE BANK A.G.,Saudi Arabia,SA
DEUTDEFF,DEUTDEFF,DEUTSCHE BANK AG,DEUTSCHE BANK A.G.,Singapore,SG
DEUTDEFF,DEUTDEFF,DEUTSCHE BANK AG,DEUTSCHE BANK A.G.,Thailand,TH
DEUTDEFF,DEUTDEFF,DEUTSCHE BANK AG,DEUTSCHE BANK A.G.,Turkey,TR
DEUTDEFF,DEUTDEFF,DEUTSCHE BANK AG,DEUTSCHE BANK A.G.,Taiwan,TW
DEUTDEFF,DEUTDEFF,DEUTSCHE BANK AG,DEUTSCHE BANK A.G.,United States,US
DEUTDEFF,DEUTDEFF,DEUTSCHE BANK AG,DEUTSCHE BANK A.G.,Vietnam,VN
ESSESESS,ESSEGB2L,Skandinaviska Enskilda Banken AB,SKANDINAVISKA ENSKILDA BANKEN,United Kingdom,GB
ESSESESS,ESSESESS,Skandinaviska Enskilda Banken AB,SKANDINAVISKA ENSKILDA BANKEN AB,Sweden,SE
ESSESESS,ESSESESS,Skandinaviska Enskilda Banken AB,SEB,Norway,NO
ESSESESS,ESSESESS,Skandinaviska Enskilda Banken AB,SEB,Denmark,DK
ESSESESS,ESSESESS,Skandinaviska Enskilda Banken AB,SEB,Finland,FI
ESSESESS,ESSESESS,Skandinaviska Enskilda Banken AB,SEB,Poland,PL
ESSESESS,ESSESESS,Skandinaviska Enskilda Banken AB,SEB,Latvia,LV
ESSESESS,ESSESESS,Skandinaviska Enskilda Banken AB,SEB,Lithuania,LT
ESSESESS,ESSESESS,Skandinaviska Enskilda Banken AB,SEB,Estonia,EE
EVERCNBJ,EVERCNBJ,EVERBRIGHT BANK OF CHINA,EVERBRIGHT BANK OF CHINA,China,CN
FBNINGLA,FBNINGLA,FIRST BANK OF NIGERIA LIMITED,FIRST BANK OF NIGERIA LIMITED,Nigeria,NG
FCBKTWTP,FCBKTWTP,FIRST Commercial Bank,FIRST Commercial Bank,Taiwan,TW
FIRNZAJJ,FIRNZAJJ,FIRSTRAND BANK LIMITED,FIRSTRAND BANK LIMITED,South Africa,ZA
FTBCUS3C,FTBCUS3C,THE FIFTH THIRD BANK,THE FIFTH THIRD BANK,United States,US
GABAARBA,GABAARBA,BANCO DE GALICIA Y BUENOS AIRES,BANCO DE GALICIA Y BUENOS AIRES,Argentina,AR
GDBKCN22,GDBKCN22,"CHINA GUANGFA BANK CO., LTD","CHINA GUANGFA BANK CO., LTD",China,CN
GIBAATWG,RNCBROBU,ERSTE GROUP BANK AG,BANCA COMERCIALA ROMANA,Romania,RO
GIBAATWG,GIBACZPX,ERSTE GROUP BANK AG,CESKA SPORITELNA A.S.,Czech Republic,CZ
GIBAATWG,ESBCHR22,ERSTE GROUP BANK AG,ERSTE & STEIERMARKISCHE BANK D.D.,Croatia,HR
GIBAATWG,GIBARS22,ERSTE GROUP BANK AG,ERSTE BANK A.D,Republic of Serbia,RS
GIBAATWG,GIBAATWW,ERSTE GROUP BANK AG,ERSTE BANK DER OESTERREICHISCHEN,Austria,AT
GIBAATWG,GIBAHUHB,ERSTE GROUP BANK AG,ERSTE BANK HUNGARY ZRT,Hungary,HU
GIBAATWG,GIBASKBX,ERSTE GROUP BANK AG,SLOVENSKA SPORITELNA A.S.,Slovakia,SK
GKCCBEBB,GKCCBEBB,BELFIUS BANK SA/NV,BELFIUS BANK SA/NV,Belgium,BE
GTBINGLA,GTBINGLA,GUARANTY TRUST BANK PLC,GUARANTY TRUST BANK PLC,Nigeria,NG
HANDSESS,HANDSESS,Svenska Handelsbanken AB (publ),Svenska Handelsbanken AB (publ),Sweden,SE
ICBKCNBJ,ICBKCNBJ,Industrial and Commercial Bank of China,INDUSTRIAL AND COMMERCIAL BANK OF CHINA,China,CN
INGBNL2A,BBRUPTPL,ING BANK N.V.,"ING B NV/SA, SUCURSAL EM PORTUGAL LISBON BRANCH",Portugal,PT
INGBNL2A,INGBRUMM,ING BANK N.V.,ING BANK (EURASIA) ZAO,Russia,RU
INGBNL2A,INGBTRIS,ING BANK N.V.,ING BANK A.S.,Turkey,TR
INGBNL2A,INGBFRPP,ING BANK N.V.,ING BANK France,France,FR
INGBNL2A,INGBCZPP,ING BANK N.V.,ING BANK N.V.,Czech Republic,CZ
INGBNL2A,INGBITMM,ING BANK N.V.,ING BANK N.V.,Italy,IT
INGBNL2A,INGBNL2A,ING BANK N.V.,ING BANK N.V.,Netherlands,NL
INGBNL2A,INGBSGSG,ING BANK N.V.,ING BANK N.V.,Singapore,SG
INGBNL2A,INGBSKBX,ING BANK N.V.,ING BANK N.V.,Slovakia,SK
INGBNL2A,INGBHKHH,ING BANK N.V.,ING BANK N.V. HONG KONG,Hong Kong,HK
INGBNL2A,INGBHUHB,ING BANK N.V.,ING BANK N.V. HUNGARY BRANCH,Hungary,HU
INGBNL2A,INGBBGSF,ING BANK N.V.,ING BANK N.V. SOFIA BRANCH,Bulgaria,BG
INGBNL2A,INGBATWW,ING BANK N.V.,ING BANK N.V. VIENNA BRANCH,Austria,AT
INGBNL2A,INGBROBU,ING BANK N.V.,"ING BANK N.V., BUCHAREST BRANCH",Romania,RO
INGBNL2A,INGBGB22,ING BANK N.V.,"ING BANK N.V., LONDON BRANCH",United Kingdom,GB
INGBNL2A,INGBIE2D,ING BANK N.V.,ING BANK NV-DUBLIN BRANCH,Ireland,IE
INGBNL2A,INGBPLPW,ING BANK N.V.,ING BANK SLASKI SA,Poland,PL
INGBNL2A,INGBUAUK,ING BANK N.V.,ING BANK UKRAINE,Ukraine,UA
INGBNL2A,BBRUBEBB,ING BANK N.V.,ING BELGIUM NV/SA (FORMERLY BANK,Belgium,BE
INGBNL2A,BBRUESMX,ING BANK N.V.,ING BELGIUM S.A. SUCURSAL EN ESPANA,Spain,ES
INGBNL2A,BBRUCHGT,ING BANK N.V.,"ING BELGIUM, BRUSSELS, GENEVA",Switzerland,CH
INGBNL2A,CELLLULL,ING BANK N.V.,ING LUXEMBOURG S.A. (FORMERLY,Luxembourg,LU
INGBNL2A,VYSAINBB,ING BANK N.V.,ING VYSYA BANK LTD.,India,IN
INGBNL2A,INGBDEFF,ING BANK N.V.,ING-DIBA AG (COMMERCIAL BANKING),Germany,DE
IRVTUS3N,MELNUS3P,THE BANK OF NEW YORK MELLON,MELLON BANK N.A,United States,US
ISBKTRIS,ISBKTRIS,Turkiye Is Bankasi A.S.,Turkiye Is Bankasi A.S.,Turkey,TR
JYBADKKK,JYBADKKK,Jyske Bank A/S,Jyske Bank A/S,Denmark,DK
KASITHBK,KASITHBK,KASIKORNBANK PUBLIC COMPANY LIMITED,KASIKORNBANK PUBLIC COMPANY LIMITED,Thailand,TH
KASITHBK,KASIUS6L,KASIKORNBANK PUBLIC COMPANY LIMITED,KASIKORN BANK PLC ,United States,
KASITHBK,KASIHKHH,KASIKORNBANK PUBLIC COMPANY LIMITED,KASIKORNBANK PUBLIC COMPANY LIMITED,Hong Kong,HK
KASITHBK,KASICNBS,KASIKORNBANK PUBLIC COMPANY LIMITED,"KASIKORNBANK PUBLIC COMPANY LIMITED, SHENZHEN BRANCH",China,CN
KASITHBK,KASILALA,KASIKORNBANK PUBLIC COMPANY LIMITED,KASIKORNTHAI BANK LIMITED,Laos,LA
KEYBUS33,KEYBUS33,KEYBANK NATIONAL ASSOCIATION,KEYBANK NATIONAL ASSOCIATION,United States,US
KOEXKRSE,HNBNKRSE,KEB HANA BANK,HANA BANK,Korea,KR
KOEXKRSE,KOEXBRSP,KEB HANA BANK,BANCO KEB HANA DO BRASIL S.A.,Brazil,BR
KOEXKRSE,KOEXCATT,KEB HANA BANK,KEB HANA BANK CANADA,Canada,CA
KOEXKRSE,HNBNCNBJ,KEB HANA BANK,HANA BANK (CHINA) COMPANY LIMITED,China,CN
KOEXKRSE,KOEXAEAD,KEB HANA BANK,KEB HANA BANK ABUDHABI BRANCH,United Arab Emirates,AE
KREDBEBB,KREDBEBB,KBC Bank NV,KBC Bank NV,Belgium,BE
LOYDGB2L,LOYDGB2L,LLOYDS BANK PLC,LLOYDS BANK PLC,United Kingdom,GB
MBBEMYKL,MBBEMYKL,MALAYAN BANKING BERHAD (MAYBANK),MALAYAN BANKING BERHAD (MAYBANK),Malaysia,MY
MBTCPHMM,MBTCPHMM,METROPOLITAN BANK & TRUST COMPANY,METROPOLITAN BANK & TRUST COMPANY,Philippines,PH
MENOMXMT,MENOMXMT,"BANCO MERCANTIL DEL NORTE, S.A.","BANCO MERCANTIL DEL NORTE, S.A.",MEXICO,MX
MHCBJPJT,MHCBCNSH,"MIZUHO BANK, LTD.","MIZUHO BANK (CHINA),LTD.",China,CN
MHCBJPJT,MHCBBEBB,"MIZUHO BANK, LTD.",Mizuho Bank Nederland N.V. Brussels Branch,Belgium,BE
MHCBJPJT,MHCBCATT,"MIZUHO BANK, LTD.","Mizuho Bank, Ltd. Canada Branch",Canada,CA
MHCBJPJT,MHCBFRPP,"MIZUHO BANK, LTD.","Mizuho Bank, Ltd. Paris Branch",France,FR
MHCBJPJT,MHCBINBB,"MIZUHO BANK, LTD.","Mizuho Bank, Ltd. Mumbai Branch",India,IN
MHCBJPJT,MHCCIDJA,"MIZUHO BANK, LTD.",PT. Bank Mizuho Indonesia,Indonesia,ID
MHCBJPJT,MHCBITMM,"MIZUHO BANK, LTD.","Mizuho Bank, Ltd. Milan Branch",Italy,IT
MHCBJPJT,MHCBDEDD,"MIZUHO BANK, LTD.","MIZUHO BANK LTD.,",Germany,DE
MHCBJPJT,MHCBMYKA,"MIZUHO BANK, LTD.",Mizuho bank (Malaysia) Berhad,Malaysia,MY
MHCBJPJT,MHCBPHMM,"MIZUHO BANK, LTD.","Mizuho Bank, Ltd. Manila Branch",Philippines,PH
MHCBJPJT,MHCBTWTP,"MIZUHO BANK, LTD.","Mizuho Bank, Ltd. Taipei Branch",Taiwan,TW
MHCBJPJT,MHCBVNVX,"MIZUHO BANK, LTD.","Mizuho Bank, Ltd. Hanoi Branch",Vietnam,VN
MHCBJPJT,MHCBSGSG,"MIZUHO BANK, LTD.","MIZUHO BANK LTD.,",Singapore,SG
MHCBJPJT,MHCBNL2A,"MIZUHO BANK, LTD.",MIZUHO BANK NEDERLAND N.V.,Netherlands,NL
MHCBJPJT,MHCBKRSE,"MIZUHO BANK, LTD.",MIZUHO BANK SEOUL BRANCH,Korea,KR
MHCBJPJT,MHCBHKHH,"MIZUHO BANK, LTD.","MIZUHO BANK, LTD.",Hong Kong,HK
MHCBJPJT,MHCBGB2L,"MIZUHO BANK, LTD.","MIZUHO BANK, LTD. LONDON",United Kingdom,GB
MHCBJPJT,MHCBUS33,"MIZUHO BANK, LTD.","MIZUHO BANK, LTD. NEW YORK BRANCH",United States,US
MHCBJPJT,MHCBAU2S,"MIZUHO BANK, LTD.","MIZUHO BANK, LTD. SYDNEY BRANCH",Australia,AU
MHCBJPJT,MHCBTHBK,"MIZUHO BANK, LTD.","MIZUHO BANK, LTD.,",Thailand,TH
MHCBJPJT,MHCBJPJ6,"MIZUHO BANK, LTD.","MIZUHO BANK, LTD.",Japan,JP
MIDLGB22,HSBCMOMX,HSBC BANK PLC,HONG KONG & SHANGHAI BANKING CORP.,Macau,MO
MIDLGB22,HSBCLKLX,HSBC BANK PLC,HONG KONG & SHANGHAI BANKING CORP.,Sri Lanka,LK
MIDLGB22,HSBCTHBK,HSBC BANK PLC,HONG KONG AND SHANGHAI BANKING,Thailand,TH
MIDLGB22,HSBCINBB,HSBC BANK PLC,HONGKONG & SHANGHAI BANKING CO. LTD,India,IN
MIDLGB22,HSBCBDDH,HSBC BANK PLC,HONGKONG AND SHANGHAI BANKING,Bangladesh,BD
MIDLGB22,BBDAHKHX,HSBC BANK PLC,HONGKONG AND SHANGHAI BANKING,Hong Kong,HK
MIDLGB22,HSBCKRSE,HSBC BANK PLC,HONGKONG AND SHANGHAI BANKING,Korea,KR
MIDLGB22,HSBCMUMU,HSBC BANK PLC,HONGKONG AND SHANGHAI BANKING,Mauritius,MU
MIDLGB22,HSBCBNBB,HSBC BANK PLC,HONGKONG AND SHANGHAI BANKING CORP,Brunei Darussalam,BN
MIDLGB22,HSBCMYKA,HSBC BANK PLC,HONGKONG AND SHANGHAI BANKING CORP,Malaysia,MY
MIDLGB22,BLICCHGG,HSBC BANK PLC,HSBC  Private Bank (Suisse) SA,Switzerland,CH
MIDLGB22,BLICRUMM,HSBC BANK PLC,HSBC BANK (RR) OOO,Russia,RU
MIDLGB22,HSBCTWTP,HSBC BANK PLC,HSBC BANK (TAIWAN) LIMITED,Taiwan,TW
MIDLGB22,HSBCVNVX,HSBC BANK PLC,HSBC BANK (VIETNAM) LTD.,Vietnam,VN
MIDLGB22,HSBCTRIX,HSBC BANK PLC,HSBC BANK A.S.,Turkey,TR
MIDLGB22,HKBAAU2S,HSBC BANK PLC,HSBC BANK AUSTRALIA LIMITED,Australia,AU
MIDLGB22,HKBCCATT,HSBC BANK PLC,HSBC BANK CANADA,Canada,CA
MIDLGB22,EBBKEGCX,HSBC BANK PLC,HSBC BANK EGYPT,Egypt,EG
MIDLGB22,HSBCKZKA,HSBC BANK PLC,HSBC BANK KAZAKHSTAN,Kazakhstan,KZ
MIDLGB22,BBMEBHBX,HSBC BANK PLC,HSBC BANK MIDDLE EAST,Bahrain,BH
MIDLGB22,BBMELBBX,HSBC BANK PLC,HSBC BANK MIDDLE EAST,Lebanon,LB
MIDLGB22,BBMEJOAX,HSBC BANK PLC,HSBC BANK MIDDLE EAST LIMITED,Jordan,JO
MIDLGB22,HSBCPKKX,HSBC BANK PLC,HSBC BANK MIDDLE EAST LIMITED,Pakistan,PK
MIDLGB22,BBMEQAQX,HSBC BANK PLC,HSBC BANK MIDDLE EAST LIMITED,Qatar,QA
MIDLGB22,BBMEAEAD,HSBC BANK PLC,HSBC BANK MIDDLE EAST LIMITED,United Arab Emirates,AE
MIDLGB22,BBMEOMRX,HSBC BANK PLC,HSBC BANK OMAN S.A.O.G,Oman,OM
MIDLGB22,HSBCBEBB,HSBC BANK PLC,HSBC BANK PLC,Belgium,BE
MIDLGB22,MIDLGRAA,HSBC BANK PLC,HSBC BANK PLC,Greece,GR
MIDLGB22,HSBCIE2D,HSBC BANK PLC,HSBC BANK PLC,Ireland,IE
MIDLGB22,MIDLITMX,HSBC BANK PLC,HSBC BANK PLC,Italy,IT
MIDLGB22,HSBCNL2A,HSBC BANK PLC,HSBC BANK PLC,Netherlands,NL
MIDLGB22,MIDLESMM,HSBC BANK PLC,HSBC BANK PLC,Spain,ES
MIDLGB22,MIDLGB22,HSBC BANK PLC,HSBC BANK PLC,United Kingdom,GB
MIDLGB22,HSBCZAJJ,HSBC BANK PLC,HSBC Bank plc - Johannesburg Branch,South Africa,ZA
MIDLGB22,HSBCILIT,HSBC BANK PLC,"HSBC BANK PLC, TEL AVIV",Israel,IL
MIDLGB22,MIDLCZPP,HSBC BANK PLC,HSBC BANK PLC-PRAGUE BRANCH,Czech Republic,CZ
MIDLGB22,HSBCPLPW,HSBC BANK PLC,HSBC BANK POLSKA S.A.,Poland,PL
MIDLGB22,MRMDUS33,HSBC BANK PLC,"HSBC BANK USA, N. A.",United States,US
MIDLGB22,HSBCCNSH,HSBC BANK PLC,HSBC BANK(CHINA) COMPANY LIMITED,China,CN
MIDLGB22,CCFRFRPP,HSBC BANK PLC,HSBC FRANCE,France,FR
MIDLGB22,BBDASGSX,HSBC BANK PLC,HSBC INSTITUTIONAL TRUST SERVICES,Singapore,SG
MIDLGB22,BLICMCMC,HSBC BANK PLC,HSBC PRIVATE BANK (MONACO) S.A.,Monaco,MC
MIDLGB22,BBDALULX,HSBC BANK PLC,HSBC SECURITIES SERVICES,Luxembourg,LU
MIDLGB22,HSBCPHMM,HSBC BANK PLC,THE HONG KONG AND SHANGHAI BANKING,Philippines,PH
MIDLGB22,HSBCIDJA,HSBC BANK PLC,THE HONGKONG AND SHANGHAI BANKING,Indonesia,ID
MIDLGB22,HSBCJPJT,HSBC BANK PLC,THE HONGKONG AND SHANGHAI BANKING,Japan,JP
MIDLGB22,HSBCNZ2A,HSBC BANK PLC,THE HONGKONG AND SHANGHAI BANKING,New Zealand,NZ
MIDLGB22,MIDLGB22,HSBC BANK PLC,HSBC,Guernsey,GG
MIDLGB22,MIDLGB22,HSBC BANK PLC,HSBC,Jersey,JE
MIDLGB22,MIDLGB22,HSBC BANK PLC,HSBC,Malta,MT
MIDLGB22,MIDLGB22,HSBC BANK PLC,HSBC,Slovakia,SK
MIDLGB22,MIDLGB22,HSBC BANK PLC,HSBC,Saudi Arabia,SA
MIDLGB22,MIDLGB22,HSBC BANK PLC,HSBC,Kuwait,KW
NATAAU33,NATAAU33,National Australia Bank Limited,National Australia Bank Limited,Australia,AU
NATXFRPP,NATXFRPP,Natixis,NATIXIS,France,FR
NATXFRPP,NATXDZAL,Natixis,NATIXIS,Algeria,DZ
NDEASESS,NDEASESS,NORDEA BANK FINLAND PLC,NORDEA BANK AB (PUBL),Sweden,SE
NDEASESS,NDEADKKK,NORDEA BANK FINLAND PLC,NORDEA BANK DANMARK A/S,Denmark,DK
NDEASESS,NDEAEE2X,NORDEA BANK FINLAND PLC,NORDEA BANK FINLAND ESTONIA BRANCH,Estonia,EE
NDEASESS,NDEALV2X,NORDEA BANK FINLAND PLC,NORDEA BANK FINLAND LATVIA BRANCH,Latvia,LV
NDEASESS,NDEAFIHH,NORDEA BANK FINLAND PLC,NORDEA BANK FINLAND PLC,Finland,FI
NDEASESS,NDEALT2X,NORDEA BANK FINLAND PLC,NORDEA BANK FINLAND PLC LITHUANIA,Lithuania,LT
NDEASESS,NDEAGB2L,NORDEA BANK FINLAND PLC,NORDEA BANK FINLAND PLC LONDON BR.,United Kingdom,GB
NDEASESS,NDEANOKK,NORDEA BANK FINLAND PLC,NORDEA BANK NORGE ASA,Norway,NO
NORDFRPP,NORDFRPP,CREDIT DU NORD,CREDIT DU NORD,France,FR
NWBKGB2L ,NWBKGB2L ,NatWest,ROYAL BANK OF SCOTLAND PLC,United Kingdom,GB
OBKLAT2L,OBKLAT2L,OBERBANK AG,OBERBANK AG,Austria,AT
OCBCSGSG,OCBCSGSG,Oversea-Chinese Banking CorporationLTD,Oversea-Chinese Banking CorporationLTD,Singapore,SG
PCBCCNBJ,PCBCCNBJ,China Construction Bank Corporation,CHINA CONSTRUCTION BANK,China,CN
PNCCUS33,PNCCUS33,"PNC BANK,N.A., PITTSBURGH, PA","PNC BANK,N.A., PITTSBURGH, PA",United States,US
POFICHBE,POFICHBE,PostFinance AG,PostFinance AG,Switzerland,CH
QIIBQAQA,QIIBQAQA,Qatar International Islamic Bank,Qatar International Islamic Bank,Qatar,QA
QNBAEGCX,QNBAEGCX,QATAR NATIONAL BANK ALAHLI S.A.E   (QNB ALAHLI),QATAR NATIONAL BANK ALAHLI S.A.E   (QNB ALAHLI),Egypt,EG
QNBAQAQA,QNBAQAQA,Qatar National Bank,Qatar National Bank,Qatar,QA
QNBAQAQA,FNNBTRIS,Qatar National Bank,Finans Bank A.S.,Turkey,TR
QNBAQAQA,QNBAMRMU,Qatar National Bank,Qatar National Bank,Mauritania,MR
QNBAQAQA,QNBAFRPP,Qatar National Bank,Qatar National Bank,France,FR
QNBAQAQA,QNBASGSG,Qatar National Bank,"Qatar National Bank  ""QNB""",Singapore,SG
QNBAQAQA,QNBASDKH,Qatar National Bank,Qatar National Bank,Sudan,SD
QNBAQAQA,QNBAYESA,Qatar National Bank,Qatar  National Bank SAQ,Yemen,YE
RABONL2U,RABONL2U,RABOBANK NEDERLAND,RABOBANK NEDERLAND,Netherlands,NL
RBOSGB2L,RBOSGB2L,ROYAL BANK OF SCOTLAND PLC,ROYAL BANK OF SCOTLAND PLC,United Kingdom,GB
RBOSGB2L,ULSBIE2D,ROYAL BANK OF SCOTLAND PLC,ULSTER BANK IRELAND DAC,Ireland,IE
RHBBMYKL,RHBBMYKL,RHB BANK BERHAD,RHB BANK BERHAD,Malaysia,MY
ROYCCAT2,ROYCCAT2,ROYAL BANK OF CANADA,ROYAL BANK OF CANADA,Canada,CA
RZBAATWW,RZBAATWW,RAIFFEISEN BANK INTERNATIONAL AG,Raiffeisenlandesbank Burgenland,Austria,AT
SBZAZAJJ,SBICKENX,THE STANDARD BANK OF SOUTH AFRICA,CFC STANBIC BANK LIMITED,Kenya,KE
SBZAZAJJ,SBICBWGX,THE STANDARD BANK OF SOUTH AFRICA,STANBIC BANK BOTSWANA LIMITED,Botswana,BW
SBZAZAJJ,SBICGHAC,THE STANDARD BANK OF SOUTH AFRICA,STANBIC BANK GHANA LIMITED,Ghana,GH
SBZAZAJJ,SBICTZTX,THE STANDARD BANK OF SOUTH AFRICA,STANBIC BANK TANZANIA LTD.,Tanzania,TZ
SBZAZAJJ,SBICUGKX,THE STANDARD BANK OF SOUTH AFRICA,STANBIC BANK UGANDA LIMITED,Uganda,UG
SBZAZAJJ,SBICZMLX,THE STANDARD BANK OF SOUTH AFRICA,STANBIC BANK ZAMBIA LIMITED,Zambia,ZM
SBZAZAJJ,SBICZWHX,THE STANDARD BANK OF SOUTH AFRICA,STANBIC BANK ZIMBABWE LIMITED,Zimbabwe,ZW
SBZAZAJJ,SBICNGLX,THE STANDARD BANK OF SOUTH AFRICA,STANBIC IBTC BANK PLC,Nigeria,NG
SBZAZAJJ,SBICMUMU,THE STANDARD BANK OF SOUTH AFRICA,STANDARD BANK (MAURITIUS) LIMITED,Mauritius,MU
SBZAZAJJ,SBICAOLU,THE STANDARD BANK OF SOUTH AFRICA,STANDARD BANK DE ANGOLA S.A.,Angola,AO
SBZAZAJJ,SBICMWMX,THE STANDARD BANK OF SOUTH AFRICA,STANDARD BANK LIMITED - MALAWI,Malawi,MW
SBZAZAJJ,SBNMNANX,THE STANDARD BANK OF SOUTH AFRICA,STANDARD BANK NAMIBIA LIMITED,Namibia,NA
SBZAZAJJ,SBICCDKX,THE STANDARD BANK OF SOUTH AFRICA,STANDARD BANK RDC SARL,Congo,CD
SBZAZAJJ,SBICMZMX,THE STANDARD BANK OF SOUTH AFRICA,STANDARD BANK SARL,Mozambique,MZ
SBZAZAJJ,SBICSZMX,THE STANDARD BANK OF SOUTH AFRICA,STANDARD BANK SWZILAND LTD,Swaziland,SZ
SBZAZAJJ,SBICLSMX,THE STANDARD BANK OF SOUTH AFRICA,STANDARD LESOTHO BANK LTD.,Lesotho,LS
SBZAZAJJ,SBZAZAJJ,THE STANDARD BANK OF SOUTH AFRICA,THE STANDARD BANK OF SOUTH AFRICA,South Africa,ZA
SCBLGB2L,SCBLBHBM,STANDARD CHARTERED BANK LIMITED,STANDARD CHARTERED BANK,Bahrain,BH
SCBLGB2L,SCBLBDDX,STANDARD CHARTERED BANK LIMITED,STANDARD CHARTERED BANK,Bangladesh,BD
SCBLGB2L,SCHBBWGX,STANDARD CHARTERED BANK LIMITED,STANDARD CHARTERED BANK,Botswana,BW
SCBLGB2L,SCBLBNBB,STANDARD CHARTERED BANK LIMITED,STANDARD CHARTERED BANK,Brunei Darussalam,BN
SCBLGB2L,SCBLHKHH,STANDARD CHARTERED BANK LIMITED,STANDARD CHARTERED BANK,Hong Kong,HK
SCBLGB2L,SCBLINBB,STANDARD CHARTERED BANK LIMITED,STANDARD CHARTERED BANK,India,IN
SCBLGB2L,SCBLIDJX,STANDARD CHARTERED BANK LIMITED,STANDARD CHARTERED BANK,Indonesia,ID
SCBLGB2L,SCBLMOMX,STANDARD CHARTERED BANK LIMITED,STANDARD CHARTERED BANK,Macau,MO
SCBLGB2L,SCBLMYKX,STANDARD CHARTERED BANK LIMITED,STANDARD CHARTERED BANK,Malaysia,MY
SCBLGB2L,SCBLMUMU,STANDARD CHARTERED BANK LIMITED,STANDARD CHARTERED BANK,Mauritius,MU
SCBLGB2L,SCBLOMRX,STANDARD CHARTERED BANK LIMITED,STANDARD CHARTERED BANK,Oman,OM
SCBLGB2L,SCBLPHMM,STANDARD CHARTERED BANK LIMITED,STANDARD CHARTERED BANK,Philippines,PH
SCBLGB2L,SCBLQAQX,STANDARD CHARTERED BANK LIMITED,STANDARD CHARTERED BANK,Qatar,QA
SCBLGB2L,SCBLSGSG,STANDARD CHARTERED BANK LIMITED,STANDARD CHARTERED BANK,Singapore,SG
SCBLGB2L,SCBLZAJJ,STANDARD CHARTERED BANK LIMITED,STANDARD CHARTERED BANK,South Africa,ZA
SCBLGB2L,SCBLLKLX,STANDARD CHARTERED BANK LIMITED,STANDARD CHARTERED BANK,Sri Lanka,LK
SCBLGB2L,SCBLAEAD,STANDARD CHARTERED BANK LIMITED,STANDARD CHARTERED BANK,United Arab Emirates,AE
SCBLGB2L,SCBLUS33,STANDARD CHARTERED BANK LIMITED,STANDARD CHARTERED BANK,United States,US
SCBLGB2L,SCBLVNVX,STANDARD CHARTERED BANK LIMITED,STANDARD CHARTERED BANK,Vietnam,VN
SCBLGB2L,SCBLZWHX,STANDARD CHARTERED BANK LIMITED,STANDARD CHARTERED BANK,Zimbabwe,ZW
SCBLGB2L,SCBLCNSX,STANDARD CHARTERED BANK LIMITED,STANDARD CHARTERED BANK (CHINA),China,CN
SCBLGB2L,SCBLPKKX,STANDARD CHARTERED BANK LIMITED,STANDARD CHARTERED BANK (PAKISTAN),Pakistan,PK
SCBLGB2L,SCBLTWTP,STANDARD CHARTERED BANK LIMITED,STANDARD CHARTERED BANK (TAIWAN),Taiwan,TW
SCBLGB2L,SCBLTHBX,STANDARD CHARTERED BANK LIMITED,STANDARD CHARTERED BANK (THAI) PLC,Thailand,TH
SCBLGB2L,SCBLCMCX,STANDARD CHARTERED BANK LIMITED,STANDARD CHARTERED BANK CAMEROON,Cameroon,CM
SCBLGB2L,SCBLCIAB,STANDARD CHARTERED BANK LIMITED,STANDARD CHARTERED BANK COTE,Ivory Coast,CI
SCBLGB2L,SCBLGMGM,STANDARD CHARTERED BANK LIMITED,STANDARD CHARTERED BANK GAMBIA LTD,Gambia,GM
SCBLGB2L,SCBLGHAC,STANDARD CHARTERED BANK LIMITED,STANDARD CHARTERED BANK GHANA,Ghana,GH
SCBLGB2L,SCBLKENX,STANDARD CHARTERED BANK LIMITED,STANDARD CHARTERED BANK KENYA,Kenya,KE
SCBLGB2L,SCBLKRSE,STANDARD CHARTERED BANK LIMITED,STANDARD CHARTERED BANK KOREA,Korea,KR
SCBLGB2L,SCBLGB2L,STANDARD CHARTERED BANK LIMITED,STANDARD CHARTERED BANK LIMITED,United Kingdom,GB
SCBLGB2L,SCBLNPKA,STANDARD CHARTERED BANK LIMITED,STANDARD CHARTERED BANK NEPAL,Nepal,NP
SCBLGB2L,SCBLNGLA,STANDARD CHARTERED BANK LIMITED,STANDARD CHARTERED BANK NIGERIA LTD,Nigeria,NG
SCBLGB2L,SCBLLBBE,STANDARD CHARTERED BANK LIMITED,STANDARD CHARTERED BANK SAL,Lebanon,LB
SCBLGB2L,SCBLSLFR,STANDARD CHARTERED BANK LIMITED,STANDARD CHARTERED BANK SIERRA,Sierra Leone,SL
SCBLGB2L,SCBLTZTX,STANDARD CHARTERED BANK LIMITED,STANDARD CHARTERED BANK TANZANIA,Tanzania,TZ
SCBLGB2L,SCBLUGKA,STANDARD CHARTERED BANK LIMITED,STANDARD CHARTERED BANK UGANDA LTD,Uganda,UG
SCBLGB2L,SCBLZMLX,STANDARD CHARTERED BANK LIMITED,STANDARD CHARTERED BANK ZAMBIA LTD,Zambia,ZM
SCBLGB2L,SCBLJOAX,STANDARD CHARTERED BANK LIMITED,STANDARD CHARTERED GRINDLAYS BANK,Jordan,JO
SCBLGB2L,SCBLJPJT,STANDARD CHARTERED BANK LIMITED,THE STANDARD CHARTERED BANK,Japan,JP
SCBLGB2L,SCBLGB2L,STANDARD CHARTERED BANK LIMITED,Standard Chartered Bank,Afghanistan,AF
SCBLGB2L,SCBLGB2L,STANDARD CHARTERED BANK LIMITED,Standard Chartered Bank,Germany,DE
SETCPHMM,SETCPHMM,Security Bank Corporation,Security Bank Corporation,Philippines,PH
SHBKKRSE,SHBKINBB,SHINHAN BANK,SHINHAN BANK,India,IN
SHBKKRSE,SHBKCATT,SHINHAN BANK,SHINHAN BANK,Canada,CA
SHBKKRSE,SHBKSGSG,SHINHAN BANK,"SHINHAN BANK , SINGAPORE",Singapore,SG
SHBKKRSE,SHBKUS6L,SHINHAN BANK,SHINHAN BANK AMERICA,United States,US
SHBKKRSE,SHBKUS33,SHINHAN BANK,SHINHAN BANK AMERICA,United States,US
SHBKKRSE,SHBKDEFF,SHINHAN BANK,SHINHAN BANK EUROPE GMBH,Germany,DE
SHBKKRSE,SHBKJPJX,SHINHAN BANK,SHINHAN BANK JAPAN,Japan,JP
SHBKKRSE,SHBKKZKA,SHINHAN BANK,SHINHAN BANK KAZAKHSTAN JSC,Kazakhstan,KZ
SHBKKRSE,SHBKVNVX,SHINHAN BANK,SHINHAN BANK VIETNAM,Vietnam,VN
SHBKKRSE,SHBKCNBJ,SHINHAN BANK,SHINHAN BANK(CHINA) LTD,China,CN
SHBKKRSE,SHBKHKHX,SHINHAN BANK,"SHINHAN BANK, HONG KONG BRANCH",Hong Kong,HK
SHBKKRSE,SHBKGB2L,SHINHAN BANK,"SHINHAN BANK, London",United Kingdom,GB
SHBKKRSE,SHBKKHPP,SHINHAN BANK,SHINHAN KHMER BANK,Cambodia,KH
SHBKKRSE,SHBKKRSE,SHINHAN BANK,Shinhan Bank,Korea,KR
SHBKKRSE,SHBKAU2S,SHINHAN BANK,"SHINHAN BANK CO., LTD",Australia,AU
SHBKKRSE,SHBKIDJA,SHINHAN BANK,PT. BANK SHINHAN INDONESIA,Indonesia,ID
SHBKKRSE,SHBKMMMY,SHINHAN BANK,"SHINHAN BANK CO., LTD.(YANGONBRANCH)",Myanmar,MM
SHBKKRSE,SHBKPHMM,SHINHAN BANK,SHINHAN BANK MANILA BRANCH,Philippines,PH
SHBKKRSE,SHBKAEAD,SHINHAN BANK,SHINHAN BANK CO LTD. DUBAI BRANCH,United Arab Emirates,AE
SMBCJPJT,SUNIIDJA,SUMITOMO MITSUI BANKING CORPORATION,PT BANK SUMITOMO MITSUI INDONESIA,Indonesia,ID
SMBCJPJT,SMBCAU2S,SUMITOMO MITSUI BANKING CORPORATION,SUMITOMO MITSUI BANKING CORPORATION,Australia,AU
SMBCJPJT,SMBCCN22,SUMITOMO MITSUI BANKING CORPORATION,SUMITOMO MITSUI BANKING CORPORATION,China,CN
SMBCJPJT,SMBCHKHH,SUMITOMO MITSUI BANKING CORPORATION,SUMITOMO MITSUI BANKING CORPORATION,Hong Kong,HK
SMBCJPJT,SMBCINDD,SUMITOMO MITSUI BANKING CORPORATION,SUMITOMO MITSUI BANKING CORPORATION,India,IN
SMBCJPJT,SMBCJPJT,SUMITOMO MITSUI BANKING CORPORATION,SUMITOMO MITSUI BANKING CORPORATION,Japan,JP
SMBCJPJT,SMBCKRSE,SUMITOMO MITSUI BANKING CORPORATION,SUMITOMO MITSUI BANKING CORPORATION,Korea,KR
SMBCJPJT,SMBCMYKL,SUMITOMO MITSUI BANKING CORPORATION,SUMITOMO MITSUI BANKING CORPORATION,Malaysia,MY
SMBCJPJT,SMBCSGSG,SUMITOMO MITSUI BANKING CORPORATION,SUMITOMO MITSUI BANKING CORPORATION,Singapore,SG
SMBCJPJT,SMBCTWTP,SUMITOMO MITSUI BANKING CORPORATION,SUMITOMO MITSUI BANKING CORPORATION,Taiwan,TW
SMBCJPJT,SMBCTHBK,SUMITOMO MITSUI BANKING CORPORATION,SUMITOMO MITSUI BANKING CORPORATION,Thailand,TH
SMBCJPJT,SMBCUS33,SUMITOMO MITSUI BANKING CORPORATION,SUMITOMO MITSUI BANKING CORPORATION,United States,US
SMBCJPJT,SMBCVNVX,SUMITOMO MITSUI BANKING CORPORATION,SUMITOMO MITSUI BANKING CORPORATION,Vietnam,VN
SOGEFRPP,SOGEDZAL,Société Générale,Société Générale Algerie,Algeria,DZ
SOGEFRPP,SGABATWW,Société Générale,Société Générale Vienna,Austria,AT
SOGEFRPP,SGABBEB2,Société Générale,Société Générale Brussels,Belgium,BE
SOGEFRPP,SOGEBJBJ,Société Générale,Société Générale de Banques au Bénin,Benin,BJ
SOGEFRPP,SGBBBFBF,Société Générale,SG de Banques au Burkina Faso,Burkina Faso,BF
SOGEFRPP,SGCMCMC1,Société Générale,Société Générale de Banques au Cameroon,Cameroon,CM
SOGEFRPP,SOGETDND,Société Générale,Société Générale Tchad,Chad,TD
SOGEFRPP,SGCLCNBJ,Société Générale,SG China Ltd,China,CN
SOGEFRPP,SOGECGCG,Société Générale,Société Générale Congo,Congo,CD
SOGEFRPP,SGCICIAB,Société Générale,Société Générale de Banques en Cote d'Ivoire,Cote d'Ivoire,CI
SOGEFRPP,SOGECY2N,Société Générale,Société Générale Cyprus,Cyprus,CY
SOGEFRPP,KOMBCZPP,Société Générale,Komercni Banka,Czech Republic,CZ
SOGEFRPP,SOGEFRPP,Société Générale,Société Générale,France,FR
SOGEFRPP,SOGEGPGP,Société Générale,Société Générale de Banque aux Antilles -Guadeloupe,France,GP
SOGEFRPP,SOGEMQM1,Société Générale,Société Générale de Banque aux Antilles - Martinique,France,MT
SOGEFRPP,BFCORERX,Société Générale,BFC - Océan Indien (Réunion - Mayotte),France,FR
SOGEFRPP,BPOLPFTP,Société Générale,Banque de Polynésie,French Polynesia,PF
SOGEFRPP,SOGEDEFF,Société Générale,Société Générale Frankfurt,Germany,DE
SOGEFRPP,SSEBGHAC,Société Générale,Société Générale Ghane Ltd,Ghana,GH
SOGEFRPP,SGGNGNGN,Société Générale,Société Générale de Banques en Guinée,Guinea,GN
SOGEFRPP,SGGEGQGQ,Société Générale,Société Générale de Banue en Guinée Equatorial,Guinee Equatorial,GQ
SOGEFRPP,SOGEHKHH,Société Générale,Société Générale Hong Kong,Hong Kong,HK
SOGEFRPP,SOGEINBB,Société Générale,Société Générale Mumbai,India,IN
SOGEFRPP,SOGEITMM,Société Générale,Société Générale Milano,Italy,IT
SOGEFRPP,SGNPJPJT,Société Générale,Société Générale Tokyo,Japan,JP
SOGEFRPP,SGMEJOAM,Société Générale,Société Générale de Banque Jordanie,Jordan,JO
SOGEFRPP,SGLILBBX,Société Générale,Société Générale de Banque au Liban,Lebanon,LB
SOGEFRPP,SGABLULL,Société Générale,SG Bank & Trust Luxembourg,Luxembourg,LU
SOGEFRPP,OHRDMK22,Société Générale,Ohridska Banka,Macedonia,MK
SOGEFRPP,BFAVMGMG,Société Générale,BFV Société Générale,Madagascar,MG
SOGEFRPP,BIIMMRMR,Société Générale,Société Générale Mauritanie,Mauritania,MR
SOGEFRPP,SOGEMCM1,Société Générale,Société Générale,Monaco,MC
SOGEFRPP,PDBPMEPG,Société Générale,Podgoricka Banka,Montenegro,ME
SOGEFRPP,SGMBMAMC,Société Générale,Société Générale Maroc,Morocco,MA
SOGEFRPP,SOGEMZMA,Société Générale,Société Générale Mozambique,Mozambique,MZ
SOGEFRPP,SOGENL2A,Société Générale,Société Générale Amsterdam,Netherlands,NL
SOGEFRPP,SOGENCNN,Société Générale,SG Calédonienne de Banque,New Caledonia,NC
SOGEFRPP,SOGEPLPW,Société Générale,Société Générale Warsaw,Poland,PL
SOGEFRPP,MOBBMD22,Société Générale,Mobias Banka,Republic of Moldova,MD
SOGEFRPP,SOGYRSBG,Société Générale,SG Banka Srbija,Republic of Serbia,RS
SOGEFRPP,BRDEROBU,Société Générale,BRD,Romania,RO
SOGEFRPP,RSBNRUMM,Société Générale,Rosbank,Russia,RU
SOGEFRPP,SGSNSNDA,Société Générale,Société Générale de Banques au Sénégal,Senegal,SN
SOGEFRPP,SOGESGSG,Société Générale,Société Générale Singapore,Singapore,SG
SOGEFRPP,KOMBSKBA,Société Générale,KB Bratislavia,Slovakia,SK
SOGEFRPP,SKBASI2X,Société Générale,SKB Banka,Slovenia,SI
SOGEFRPP,SOGEESMM,Société Générale,Société Générale Madrid,Spain,ES
SOGEFRPP,SGABCHZZ,Société Générale,Société Générale Zurich,Switzerland,CH
SOGEFRPP,SOGETGTG,Société Générale,Société Générale Togo,Togo,TG
SOGEFRPP,UIBKTNTT,Société Générale,UIB-Union Internationale de Banques,Tunisia,TN
SOGEFRPP,SOGEGB2L,Société Générale,Société Générale London,United Kingdom,GB
SOGEFRPP,SOGEUS33,Société Générale,Société Générale New York,United States,US
SOGEFRPP,SEAVVNVX,Société Générale,SeABank,Vietnam,VN
SOGEFRPP,SOGEKRSE,Société Générale,SG Seoul,South Korea,KR
SOGEFRPP,SOGETWTP,Société Générale,SG Taiwan,Taiwan,TW
SOLADEST,SOLADEST,Landesbank Baden-Wurttemberg,Landesbank Baden-Wurttemberg,Germany,DE
SPDBCNSH,SPDBCNSH,Shanghai Pudong Development Bank,Shanghai Pudong Development Bank,China,CN
SYCBCNBY,SYCBCNBY,"SHENGJING BANK CO.,LTD","SHENGJING BANK CO.,LTD",China,CN
TGBATRIS,TGBATRIS,TURKIYE GARANTI BANKASI A.S.,TURKIYE GARANTI BANKASI A.S.,Turkey,TR
UBSBCHZZ,UBSWCHZH,UBS AG,UBS AG,Switzerland,CH
UNAFNGLA,UNAFNGLA,UNITED BANK FOR AFRICA PLC,UNITED BANK FOR AFRICA PLC,Nigeria,NG
UNCRITMM,UNCRBA22,Unicredit S.p.A.,UniCredit Bank,Bosnia-Herzegovina,BH
UNCRITMM,BACXCZPP,Unicredit S.p.A.,"UNICREDIT BANK CZECH REPUBLIC AND SLOVAKIA, A.S.",Czech Republic,CZ
UNCRITMM,HYVEDEMM,Unicredit S.p.A.,UNICREDIT BANK AG,Germany,DE
UNCRITMM,HYVEUS33,Unicredit S.p.A.,UniCredit Bank AG,United States,US
UNCRITMM,BKAUATWW,Unicredit S.p.A.,UniCredit Bank Austria AG,Austria,AT
UNCRITMM,UNCRSKBX,Unicredit S.p.A.,UNICREDIT BANK CZECH REPUBLIC AND,Slovakia,SK
UNCRITMM,BACXHUHB,Unicredit S.p.A.,UNICREDIT BANK HUNGARY ZRT.,Hungary,HU
UNCRITMM,BACXRSBG,Unicredit S.p.A.,UNICREDIT BANK SRBIJA A.D.,Republic of Serbia,RS
UNCRITMM,BACXSI22,Unicredit S.p.A.,UNICREDIT BANKA SLOVENIJA D.D.,Slovenia,SI
UNCRITMM,UNCRBGSF,Unicredit S.p.A.,UNICREDIT BULBANK AD,Bulgaria,BG
UNCRITMM,UNCRITMM,Unicredit S.p.A.,Unicredit S.p.A.,Italy,IT
UNCRITMM,BACXROBU,Unicredit S.p.A.,UNICREDIT TIRIAC BANK SA,Romania,RO
UNCRITMM,UNCRGB22,Unicredit S.p.A.,UNICREDITO ITALIANO SPA - LONDON,United Kingdom,GB
UNCRITMM,ZABAHR2X,Unicredit S.p.A.,ZAGREBACKA BANKA D.D.,Croatia,HR
UNCRITMM,BVBEHKHH,Unicredit S.p.A.,UniCredit Bank AG Hong Kong,Hong Kong,HK
UNCRITMM,BVBESGSG,Unicredit S.p.A.,UniCredit Bank AG Singapore,Singapore,SG
USBKUS44,USBKUS44,U.S. Bancorp,U.S. BANK,United States,US
WEMANGLA,WEMANGLA,Wema Bank Plc,Wema Bank Plc,Nigeria,NG
WFBIUS6S,PNBPGB2L,"WELLS FARGO BANK, N.A.","WELLS FARGO BANK, N.A.",United Kingdom,GB
WFBIUS6S,WFBIUS6S,"WELLS FARGO BANK, N.A.","WELLS FARGO BANK, N.A.",United States,US
WPACAU2S,WPACAU2S,WESTPAC BANKING CORPORATION,WESTPAC BANKING CORPORATION,Australia,AU
WPACAU2S,WPACNZ2W,WESTPAC BANKING CORPORATION,WESTPAC NEW ZEALAND LIMITED,New Zealand,NZ
ZEIBNGLA,ZEIBNGLA,ZENITH BANK PLC,ZENITH BANK PLC,Nigeria,NG
